id,company_id/id,name,active,color,job_id/id,job_title,work_phone,mobile_phone,work_email,work_contact_id/id,private_street,private_city,private_zip,private_country_id/id,private_phone,private_email,lang,country_id/id,gender,marital,spouse_complete_name,spouse_birthdate,children,place_of_birth,birthday,identification_id,certificate,study_field,study_school,emergency_contact,emergency_phone,km_home_work,employee_type,barcode,pin,departure_description,contract_warning,first_contract_date,hourly_cost,x_studio_ot_month,employee_token,registration_number,timesheet_manager_id/id,x_studio_ot_rate,x_studio_employee_rate,billable_time_target
hr_employee_abc,base.main_company,ABC,1,0,,,0112 687 916,,abc@abc.com,Jinasena_MasterData_Common.res_partner_abc,,,,,,,,,,single,,,0,,,,other,,,,,0,employee,,,,1,,0.0,0.0,f80e31d6-bdfc-4fe0-b6a3-c80a0773e8a3,,,0.0,0.0,0.0
hr_employee_chandika_rathnayake,base.main_company,Chandika Rathnayake,1,0,Jinasena_MasterData_HR.hr_job_functional_consultant_10,Functional Consultant,0112 687 916,1111111111,chandika.r@jinasena.com.lk,seed_master_data_and_settings.partner_473,"186, Level 5, Elvitigala Mawatha,, Colombo, LK",Colombo8,08000,base.lk,0740600217,chandika.r@jinasena.com.lk,en_US,,,single,,,0,,,,other,,,,,0,employee,,,<p><br></p>,,2025-01-01,0.0,0.0,07c4715f-e7f1-466d-8dfe-1214ef74db90,,base.user_admin,0.0,0.0,0.0
hr_employee_default_user_template,base.main_company,Default User Template,1,0,,,0112 687 916,,,base.default_user_res_partner,,,,,,,,,,single,,,0,,,,other,,,,,0,employee,,,,1,,0.0,0.0,bf1f63a9-0274-4b2a-9c57-bb663727e309,,,0.0,0.0,0.0
hr_employee_dilshan_prasanga,base.main_company,Dilshan Prasanga,1,0,,,0112 687 916,,dilshan.p@jinasena.com.lk,,,,,,,,,,,single,,,0,,,,other,,,,,0,employee,,,<p><br></p>,1,,0.0,0.0,798bfce5-11f9-40cd-bff0-df2044a3d6c6,,,0.0,0.0,0.0
hr_employee_dilum_hewagamage,base.main_company,Dilum Hewagamage,1,0,,,0112 687 916,,dilum.h@jinasena.com.lk,,,,,,,,,,,single,,,0,,,,other,,,,,0,employee,,,<p><br></p>,1,,0.0,0.0,27cfd669-86c9-4f22-90ea-03e1c88a061e,,,0.0,0.0,0.0
hr_employee_ekala,base.main_company,EKALA,1,0,,,0112 687 916,,,,,,,,,,,,,single,,,0,,,,other,,,,,0,employee,,,<p><br></p>,1,,0.0,0.0,74d99eeb-352f-48ae-b627-5e044dad9884,,,0.0,0.0,0.0
hr_employee_ekala1,base.main_company,EKALA1,1,0,,,0112 687 916,,ekala1@jinasena.com.lk,,,,,,,,,,,single,,,0,,,,other,,,,,0,employee,,,,1,,0.0,0.0,e2b28f6f-27c6-4924-bf80-4efe9e848eb4,,,0.0,0.0,0.0
hr_employee_harischandra_perera,base.main_company,Harischandra Perera,1,0,,,0112 687 916,,,,,,,,,,,,,single,,,0,,,,other,,,,,0,employee,,,,1,,0.0,0.0,737706d4-ab66-4472-9343-7cf2bf2f0cd0,,,0.0,0.0,0.0
hr_employee_hrtest,base.main_company,Hrtest,1,0,,,0112 687 916,,hrtest@jinasena.com.lk,,,,,,,,,,,single,,,0,,,,other,,,,,0,employee,,,,1,,0.0,0.0,a44fc850-1dfe-4c9c-b3c1-b833db2d6777,,,0.0,0.0,0.0
hr_employee_janitha_ranasinghe,base.main_company,Janitha Ranasinghe,1,0,,Software Engineer,0112 687 916,+94777535357,janitharc@gmail.com,Jinasena_MasterData_Common.res_partner_janitha_chamath_ranasinghe,,,,,,,,,,single,,,0,,,,other,,,,,0,employee,,,<p><br></p>,1,2022-07-20,1500.0,0.0,75800571-c3aa-4864-b467-cb263cf44930,,base.user_admin,0.0,0.0,0.0
hr_employee_john_doe,base.main_company,John Doe,1,0,Jinasena_MasterData_HR.hr_job_functional_consultant_10,Functional Consultant,0112 687 916,,rohana.b@jinasena.com.lk,base.main_partner,,,,,,,,,,single,,,0,,,,other,,,,,0,employee,,,<p><br></p>,1,,0.0,0.0,63af001b-d1ca-4428-8098-7252191c2b7c,,base.user_admin,0.0,0.0,0.0
hr_employee_john_doe_38,base.main_company,John Doe,1,0,Jinasena_MasterData_HR.hr_job_functional_consultant_10,Functional Consultant,0112 687 916,,rohana.b@jinasena.com.lk,base.main_partner,,,,,,,,,,single,,,0,,,,other,,,,,0,employee,,,<p><br></p>,,2024-06-17,0.0,0.0,4d53dd7a-7cef-49f8-89ae-d6d633915f36,1234,base.user_admin,450.0,550.0,0.0
hr_employee_john_doe_39,base.main_company,John Doe,1,0,Jinasena_MasterData_HR.hr_job_functional_consultant_10,Functional Consultant,0112 687 916,,rohana.b@jinasena.com.lk,base.main_partner,,,,,,,,,male,single,,,0,,,,other,,,,,0,employee,,,<p><br></p>,,2024-06-20,0.0,0.0,d267ed1f-5fa1-47da-97a4-7e2072394097,,base.user_admin,2000.0,0.0,0.0
hr_employee_m_lahiru_madhushanka,base.main_company,M.Lahiru Madhushanka,1,0,Jinasena_MasterData_HR.hr_job_communication_executive,Communication Executive,0112 687 916,0740600184,lahiru.p@jinasena.com.lk,,,,,,,,,,male,married,Anuradha Rajapaksha,1994-04-06,1,Colombo,1993-01-14,199301402913,bachelor,Multimedia,Bomiriya Central College,,,15,employee,1101480,,,1,,0.0,0.0,b570ce29-47da-47c3-a298-fc8e779a52e4,,,0.0,0.0,0.0
hr_employee_milinda,base.main_company,Milinda,1,0,,,0112 687 916,,,,,,,,,,,,,single,,,0,,,,other,,,,,0,employee,,,<p><br></p>,1,,0.0,0.0,ad8e212a-6c1e-4517-b1de-79b8aa6b2dd9,,,0.0,0.0,0.0
hr_employee_nissanka,base.main_company,Nissanka,1,0,,Manager,0112 687 916,0740600225,,,,,,,,,,,,married,,,0,,,,other,,,,,0,employee,,,<p><br></p>,,2023-09-04,0.0,0.0,8367b231-b68b-488b-93d2-4864271cfaa6,,,1.5,0.0,0.0
hr_employee_no_contract_emp_e2e_1774858544719_388,base.main_company,No Contract Emp [E2E-1774858544719-388],1,0,,,0112 687 916,,,Jinasena_MasterData_Common.res_partner_no_contract_emp_e2e_1774858544719_388,,,,,,,,,,single,,,0,,,,other,,,,,0,employee,NC-E2E-1774858544719-388,,,1,,0.0,0.0,aab79307-5013-4c44-9600-bea2320ed637,,,248.7,193.19,0.0
hr_employee_no_contract_emp_e2e_1774859271812_944,base.main_company,No Contract Emp [E2E-1774859271812-944],1,0,,,0112 687 916,,,Jinasena_MasterData_Common.res_partner_no_contract_emp_e2e_1774859271812_944,,,,,,,,,,single,,,0,,,,other,,,,,0,employee,NC-E2E-1774859271812-944,,,1,,0.0,0.0,ac58a564-94f6-44fc-a92a-681602e71f72,,,123.37,123.75,0.0
hr_employee_nuwan_champika,base.main_company,Nuwan Champika,1,0,,,0112 687 916,,nuwan.c@jinasena.com.lk,,,,,,,,,,,single,,,0,,,,other,,,,,0,employee,,,,1,,0.0,0.0,7fa533b5-5282-4152-bbd4-d5fecabb9af0,,,0.0,0.0,0.0
hr_employee_nuwan_champika_24,base.main_company,Nuwan Champika,1,0,,,0112 687 916,,imports@jinasena.com.lk,,,,,,,,,,,single,,,0,,,,other,,,,,0,employee,,,,1,,0.0,0.0,5f77b59d-a5e0-4746-a63d-974df19f8cbe,,,0.0,0.0,0.0
hr_employee_sisira_jayakody,base.main_company,Sisira Jayakody,1,0,Jinasena_MasterData_HR.hr_job_head_of_human_resourse,Head Of Human Resourse,0112 687 916,0740600380,sisira.j@jinasena.com.lk,,,,,,,,,,,single,,,0,,,,other,,,,,0,employee,,,,1,,0.0,0.0,acf597b3-10b8-4476-86d8-02735b7d6366,,,0.0,0.0,0.0
hr_employee_test_employee,base.main_company,TEST Employee,1,0,,,0112 687 916,,testemployee@jinasena.com.lk,,,,,,,,,,,single,,,0,,,,other,,,,,0,employee,,,<p><br></p>,1,,0.0,0.0,40a126fb-01af-451b-a4f7-41dba502a6c2,,,0.0,0.0,0.0
hr_employee_test_employee_31,base.main_company,TEST Employee,1,0,,,0112 687 916,,,,,,,,0111212354,PO_Inv@jinasena.com.lk,en_US,,,single,,,0,,,,other,,,,,0,employee,,,<p><br></p>,1,,0.0,0.0,59fba4af-44e4-44e4-99fa-b98e33757407,,,0.0,0.0,0.0
hr_employee_test_alice_johnson,base.main_company,Test - Alice Johnson,1,0,Jinasena_MasterData_HR.hr_job_test_software_engineer,Test - Software Engineer,0112 687 916,,alice.johnson@test-jinasena.com,Jinasena_MasterData_Common.res_partner_test_alice_johnson,,,,,,,,,,single,,,0,,,,other,,,,,0,employee,,,,1,2026-01-01,0.0,0.0,68e9f8c6-18dd-4b9a-804a-3ca9408596b6,,,0.0,0.0,0.0
hr_employee_test_bob_williams,base.main_company,Test - Bob Williams,1,0,Jinasena_MasterData_HR.hr_job_test_hr_manager,Test - HR Manager,0112 687 916,,bob.williams@test-jinasena.com,Jinasena_MasterData_Common.res_partner_test_bob_williams,,,,,,,,,,single,,,0,,,,other,,,,,0,employee,,,,1,2026-01-01,0.0,0.0,5ce97a86-082c-43d7-beab-094bfb8e9d17,,,0.0,0.0,0.0
hr_employee_test_carol_davis,base.main_company,Test - Carol Davis,1,0,Jinasena_MasterData_HR.hr_job_test_finance_manager,Test - Finance Manager,0112 687 916,,carol.davis@test-jinasena.com,Jinasena_MasterData_Common.res_partner_test_carol_davis,,,,,,,,,,single,,,0,,,,other,,,,,0,employee,,,,1,2026-01-01,0.0,0.0,55e62c90-0435-4c45-8c05-f700d632d047,,,0.0,0.0,0.0
hr_employee_test_david_chen,base.main_company,Test - David Chen,1,0,Jinasena_MasterData_HR.hr_job_test_payroll_specialist,Test - Payroll Specialist,0112 687 916,,david.chen@test-jinasena.com,Jinasena_MasterData_Common.res_partner_test_david_chen,,,,,,,,,,single,,,0,,,,other,,,,,0,employee,,,,1,2026-01-01,0.0,0.0,195f7490-7272-4933-b8b1-b610f4ca1da1,,,0.0,0.0,0.0
hr_employee_test_employee_1_e2e_1774858427492_270,base.main_company,Test Employee 1 [E2E-1774858427492-270],1,0,,,0112 687 916,,,Jinasena_MasterData_Common.res_partner_test_employee_1_e2e_1774858427492_270,,,,,,,,,,single,,,0,,,,other,,,,,0,employee,E2E-1774858427492-270-EMP1,,,,2026-03-30,0.0,0.0,e0a440b7-a943-404b-8797-5b418c0b9cc4,,,448.4,61.27,0.0
hr_employee_test_employee_1_e2e_1774859271812_944,base.main_company,Test Employee 1 [E2E-1774859271812-944],1,0,,,0112 687 916,,,Jinasena_MasterData_Common.res_partner_test_employee_1_e2e_1774859271812_944,,,,,,,,,,single,,,0,,,,other,,,,,0,employee,E2E-1774859271812-944-EMP1,,,,2026-03-30,0.0,0.0,a9f84b3f-0061-4eb3-99cf-ff51096d1bd0,,,416.97,246.14,0.0
hr_employee_test_employee_2_e2e_1774858427492_270,base.main_company,Test Employee 2 [E2E-1774858427492-270],1,0,,,0112 687 916,,,Jinasena_MasterData_Common.res_partner_test_employee_2_e2e_1774858427492_270,,,,,,,,,,single,,,0,,,,other,,,,,0,employee,E2E-1774858427492-270-EMP2,,,,2026-03-30,0.0,0.0,b94c2f2f-5317-40f7-8784-3beb9c86d6dd,,,283.7,232.3,0.0
hr_employee_test_employee_2_e2e_1774859271812_944,base.main_company,Test Employee 2 [E2E-1774859271812-944],1,0,,,0112 687 916,,,Jinasena_MasterData_Common.res_partner_test_employee_2_e2e_1774859271812_944,,,,,,,,,,single,,,0,,,,other,,,,,0,employee,E2E-1774859271812-944-EMP2,,,,2026-03-30,0.0,0.0,d66aa37f-e7c5-4cf9-971a-6a0fdda4a10a,,,134.23,252.13,0.0
hr_employee_test_purchasing_user_local,base.main_company,Test Purchasing User - Local,1,0,,,0112 687 916,,test@jinasena.com.lk,,,,,,,,,,,single,,,0,,,,other,,,,,0,employee,,,,1,,0.0,0.0,07b3471f-70ba-401f-b84d-fbe33d3ecd96,,,0.0,0.0,0.0
hr_employee_tharaka_herath,base.main_company,Tharaka Herath,1,0,,,0112 687 916,,tharaka.h@jinasena.com.lk,Jinasena_MasterData_Common.res_partner_tharaka_herath,,,,,,,,,,single,,,0,,,,other,,,,,0,employee,,,,1,,0.0,0.0,114ee1d3-f1a0-46d0-88b4-066f258418d9,,,0.0,0.0,0.0
hr_employee_thushan_basnayake,base.main_company,Thushan Basnayake,1,0,,Hardware Technician,0112 687 916,0740600216,thushan.m@jinasena.com.lk,,,,,,,,,base.lk,male,single,,,0,,,,other,IT Hardware,,,,22,employee,,1201413,,1,,0.0,0.0,ebdc68a6-af8c-4fad-87e8-d2e3ee848bd2,,base.user_admin,0.0,0.0,0.0
hr_employee_uesr2,base.main_company,Uesr2,1,0,,,0112 687 916,,user2@jinasena.com.lk,,,,,,,,,,,single,,,0,,,,other,,,,,0,employee,,,<p><br></p>,,2024-05-06,0.0,0.0,0740b4be-a6ff-4572-9d9a-3f7359a9d949,,,1.1,0.0,0.0
hr_employee_user1,base.main_company,User1,1,0,,,0112 687 916,,user1@jinasena.com.lk,,,,,,,,,,,single,,,0,,,,other,,,,,0,employee,,,<p><br></p>,,2024-05-06,0.0,0.0,0364838a-dfa9-493a-9bcb-bec8c41d14d7,,,1.5,0.0,0.0
hr_employee_c1774340901344_pay_employee,base.main_company,[C1774340901344] PAY Employee,1,0,,,0112 687 916,,,Jinasena_MasterData_Common.res_partner_c1774340901344_pay_employee,,,,,,,,,,single,,,0,,,,other,,,,,0,employee,,,,1,,0.0,0.0,c0120072-65dd-4cbf-8552-76e8cdfaa158,,,0.0,0.0,0.0
hr_employee_c1774340901344_pay_employee_746,base.main_company,[C1774340901344] PAY Employee,1,0,,,0112 687 916,,,Jinasena_MasterData_Common.res_partner_c1774340901344_pay_employee_7337,,,,,,,,,,single,,,0,,,,other,,,,,0,employee,,,,1,,0.0,0.0,5532d75d-4b66-4c75-bcc7-ba36b1cff13e,,,0.0,0.0,0.0
hr_employee_c1774341313437_pay_employee,base.main_company,[C1774341313437] PAY Employee,1,0,,,0112 687 916,,,Jinasena_MasterData_Common.res_partner_c1774341313437_pay_employee_7340,,,,,,,,,,single,,,0,,,,other,,,,,0,employee,,,,1,,0.0,0.0,a0d93b8d-8c0b-4f00-bd40-1e603c7e6ffb,,,0.0,0.0,0.0
hr_employee_c1774341313437_pay_employee_750,base.main_company,[C1774341313437] PAY Employee,1,0,,,0112 687 916,,,Jinasena_MasterData_Common.res_partner_c1774341313437_pay_employee,,,,,,,,,,single,,,0,,,,other,,,,,0,employee,,,,1,,0.0,0.0,a5b4190c-d61e-4305-b3de-f356dd8b94b4,,,0.0,0.0,0.0
hr_employee_c1774341684783_pay_employee,base.main_company,[C1774341684783] PAY Employee,1,0,,,0112 687 916,,,Jinasena_MasterData_Common.res_partner_c1774341684783_pay_employee_7343,,,,,,,,,,single,,,0,,,,other,,,,,0,employee,,,,1,,0.0,0.0,58741026-18db-4ca1-9008-1df64fe85e90,,,0.0,0.0,0.0
hr_employee_c1774341684783_pay_employee_753,base.main_company,[C1774341684783] PAY Employee,1,0,,,0112 687 916,,,Jinasena_MasterData_Common.res_partner_c1774341684783_pay_employee,,,,,,,,,,single,,,0,,,,other,,,,,0,employee,,,,1,,0.0,0.0,f863d32a-6946-444a-85b6-681c02aab73c,,,0.0,0.0,0.0
hr_employee_c1774341909446_pay_employee,base.main_company,[C1774341909446] PAY Employee,1,0,,,0112 687 916,,,Jinasena_MasterData_Common.res_partner_c1774341909446_pay_employee,,,,,,,,,,single,,,0,,,,other,,,,,0,employee,,,,1,,0.0,0.0,3eea42e7-2ad7-4be9-ab4a-940eb1773b00,,,0.0,0.0,0.0
hr_employee_c1774341909446_pay_employee_755,base.main_company,[C1774341909446] PAY Employee,1,0,,,0112 687 916,,,Jinasena_MasterData_Common.res_partner_c1774341909446_pay_employee_7346,,,,,,,,,,single,,,0,,,,other,,,,,0,employee,,,,1,,0.0,0.0,0a2c48fd-47db-425e-a6be-3acb6846eb2b,,,0.0,0.0,0.0
hr_employee_c1774342284379_pay_employee,base.main_company,[C1774342284379] PAY Employee,1,0,,,0112 687 916,,,Jinasena_MasterData_Common.res_partner_c1774342284379_pay_employee_7349,,,,,,,,,,single,,,0,,,,other,,,,,0,employee,,,,1,,0.0,0.0,66c44478-3f5c-49b0-b171-876a0ac07944,,,0.0,0.0,0.0
hr_employee_c1774408475024_pay_employee,base.main_company,[C1774408475024] PAY Employee,1,0,,,0112 687 916,,,Jinasena_MasterData_Common.res_partner_c1774408475024_pay_employee,,,,,,,,,,single,,,0,,,,other,,,,,0,employee,,,,1,,0.0,0.0,eb5625e8-08e4-45a4-a5e3-14f01ee10b6f,,,0.0,0.0,0.0
hr_employee_c1774597590972_pay_employee,base.main_company,[C1774597590972] PAY Employee,1,0,,,0112 687 916,,,Jinasena_MasterData_Common.res_partner_c1774597590972_pay_employee_7355,,,,,,,,,,single,,,0,,,,other,,,,,0,employee,,,,1,,0.0,0.0,fb9886e7-5d8e-4b4b-a77f-0144612fd62e,,,0.0,0.0,0.0
hr_employee_crawl_1774340169936_e2e_employee,base.main_company,[CRAWL-1774340169936] E2E Employee,1,0,,,0112 687 916,,1774340172414@e2e.example.com,Jinasena_MasterData_Common.res_partner_crawl_1774340169936_e2e_employee,,,,,,,,,,single,,,0,,,,other,,,,,0,employee,,,,1,,0.0,0.0,0292761e-5efe-4e9f-8816-7d226a8458d3,,,0.0,0.0,0.0
hr_employee_crawl_1774340219661_e2e_employee,base.main_company,[CRAWL-1774340219661] E2E Employee,1,0,,,0112 687 916,,1774340221309@e2e.example.com,Jinasena_MasterData_Common.res_partner_crawl_1774340219661_e2e_employee,,,,,,,,,,single,,,0,,,,other,,,,,0,employee,,,,1,,0.0,0.0,da72565b-1ffe-411f-bce4-580d24947062,,,0.0,0.0,0.0
hr_employee_crawl_1774340246306_pay_e2e_employee,base.main_company,[CRAWL-1774340246306] PAY-E2E Employee,1,0,,,0112 687 916,,,Jinasena_MasterData_Common.res_partner_crawl_1774340246306_pay_e2e_employee_7332,,,,,,,,,,single,,,0,,,,other,,,,,0,employee,,,,1,,0.0,0.0,82a26df2-ce6f-421f-9acf-2eb46f1bae2e,,,0.0,0.0,0.0
hr_employee_crawl_1774340246306_pay_e2e_employee_742,base.main_company,[CRAWL-1774340246306] PAY-E2E Employee,1,0,,,0112 687 916,,,Jinasena_MasterData_Common.res_partner_crawl_1774340246306_pay_e2e_employee,,,,,,,,,,single,,,0,,,,other,,,,,0,employee,,,,1,,0.0,0.0,f74a27f0-a596-488c-a9f7-0c86880c9311,,,0.0,0.0,0.0
hr_employee_crawl_1774340298987_pay_e2e_employee,base.main_company,[CRAWL-1774340298987] PAY-E2E Employee,1,0,,,0112 687 916,,,Jinasena_MasterData_Common.res_partner_crawl_1774340298987_pay_e2e_employee_7334,,,,,,,,,,single,,,0,,,,other,,,,,0,employee,,,,1,,0.0,0.0,2a704013-ab7f-4d98-aa18-419bc819d64c,,,0.0,0.0,0.0
hr_employee_crawl_1774340298987_pay_e2e_employee_744,base.main_company,[CRAWL-1774340298987] PAY-E2E Employee,1,0,,,0112 687 916,,,Jinasena_MasterData_Common.res_partner_crawl_1774340298987_pay_e2e_employee,,,,,,,,,,single,,,0,,,,other,,,,,0,employee,,,,1,,0.0,0.0,acd1dd5f-c4ac-4c10-b8a3-092943a65073,,,0.0,0.0,0.0
hr_employee_test_1773721870278_emp_test_employee,base.main_company,[TEST-1773721870278]-EMP Test Employee,1,0,,,0112 687 916,,test.1773721870278@test.example.com,Jinasena_MasterData_Common.res_partner_test_1773721870278_emp_test_employee,,,,,,,,,,single,,,0,,,,other,,,,,0,employee,,,,1,,0.0,0.0,d516ee04-3bb5-4856-8903-dfcc8395e015,,,0.0,0.0,0.0
hr_employee_test_1773721883537_emp_test_employee,base.main_company,[TEST-1773721883537]-EMP Test Employee,1,0,,,0112 687 916,,test.1773721883537@test.example.com,Jinasena_MasterData_Common.res_partner_test_1773721883537_emp_test_employee,,,,,,,,,,single,,,0,,,,other,,,,,0,employee,,,,1,,0.0,0.0,1a42e9bd-7060-4f8f-88dc-4b895623831f,,,0.0,0.0,0.0
hr_employee_test_1773721885972_emp_test_employee,base.main_company,[TEST-1773721885972]-EMP Test Employee,1,0,,,0112 687 916,,test.1773721885972@test.example.com,Jinasena_MasterData_Common.res_partner_test_1773721885972_emp_test_employee,,,,,,,,,,single,,,0,,,,other,,,,,0,employee,,,,1,,0.0,0.0,e446094f-8f6c-4a9a-ab3c-dc949a224ac5,,,0.0,0.0,0.0
hr_employee_test_1773721890031_emp_test_employee,base.main_company,[TEST-1773721890031]-EMP Test Employee,1,0,Jinasena_MasterData_HR.hr_job_software_engineer,Software Engineer,0112 687 916,,test.1773721890031@test.example.com,Jinasena_MasterData_Common.res_partner_test_1773721890031_emp_test_employee,,,,,,,,,,single,,,0,,,,other,,,Test Contact,,0,employee,,,,1,,0.0,0.0,569bddf6-f773-4207-bdb6-3a315f332eeb,,,0.0,0.0,0.0
hr_employee_test_1773721925201_emp_test_employee,base.main_company,[TEST-1773721925201]-EMP Test Employee,1,0,Jinasena_MasterData_HR.hr_job_software_engineer,Software Engineer,0112 687 916,,test.1773721925201@test.example.com,Jinasena_MasterData_Common.res_partner_test_1773721925201_emp_test_employee,,,,,,,,,,single,,,0,,,,other,,,,,0,employee,,,,1,,0.0,0.0,2a014373-d129-4bd8-aad6-97e1e6cd13dc,,,0.0,0.0,0.0
hr_employee_test_1773721960716_emp_test_employee,base.main_company,[TEST-1773721960716]-EMP Test Employee,1,0,Jinasena_MasterData_HR.hr_job_software_engineer,Software Engineer,0112 687 916,,test.1773721960716@test.example.com,Jinasena_MasterData_Common.res_partner_test_1773721960716_emp_test_employee,,,,,,,,,,single,,,0,,,,other,,,,,0,employee,,,,1,,0.0,0.0,cf9c8548-b4cc-43b6-8d2c-0ce4609dacc9,,,0.0,0.0,0.0
hr_employee_test_1773721996406_emp_test_employee,base.main_company,[TEST-1773721996406]-EMP Test Employee,1,0,,,0112 687 916,,test.1773721996406@test.example.com,Jinasena_MasterData_Common.res_partner_test_1773721996406_emp_test_employee,,,,,,,,,,single,,,0,,,,other,,,,,0,employee,,,,1,,0.0,0.0,2da45cbb-8a3b-4ed9-bfe3-d93d26a0784c,,,0.0,0.0,0.0
hr_employee_test_1773722031889_emp_test_employee,base.main_company,[TEST-1773722031889]-EMP Test Employee,1,0,,,0112 687 916,,test.1773722031889@test.example.com,Jinasena_MasterData_Common.res_partner_test_1773722031889_emp_test_employee,,,,,,,,,,single,,,0,,,,other,,,,,0,employee,,,,1,,0.0,0.0,8dba863c-bcd2-429e-9171-f807de89b560,,,0.0,0.0,0.0
hr_employee_test_1773722135940_dupname_duplicate_emp,base.main_company,[TEST-1773722135940]-DUPNAME Duplicate Employee,1,0,,,0112 687 916,,test.1773722135940@test.example.com,Jinasena_MasterData_Common.res_partner_test_1773722135940_dupname_duplicate_emp_6760,,,,,,,,,,single,,,0,,,,other,,,,,0,employee,,,,1,,0.0,0.0,31048111-a66f-4886-86af-5f49c89d161a,,,0.0,0.0,0.0
hr_employee_test_1773722135940_dupname_duplicate_emp_170,base.main_company,[TEST-1773722135940]-DUPNAME Duplicate Employee,1,0,,,0112 687 916,,test.1773722135940@test.example.com,Jinasena_MasterData_Common.res_partner_test_1773722135940_dupname_duplicate_emp,,,,,,,,,,single,,,0,,,,other,,,,,0,employee,,,,1,,0.0,0.0,972f5d11-6734-407a-846b-d163df746f3c,,,0.0,0.0,0.0
hr_employee_test_1773722190080_inv_email_test,base.main_company,[TEST-1773722190080]-INV-EMAIL Test,1,0,,,0112 687 916,,not-a-valid-email,Jinasena_MasterData_Common.res_partner_test_1773722190080_inv_email_test,,,,,,,,,,single,,,0,,,,other,,,,,0,employee,,,,1,,0.0,0.0,21982f30-be7c-45e0-84e5-be5bfed2bbb4,,,0.0,0.0,0.0
hr_employee_test_1773722199928_emp_test_employee,base.main_company,[TEST-1773722199928]-EMP Test Employee,1,0,Jinasena_MasterData_HR.hr_job_software_engineer,Software Engineer,0112 687 916,,test.1773722199928@test.example.com,Jinasena_MasterData_Common.res_partner_test_1773722199928_emp_test_employee,,,,,,,,,,single,,,0,,,,other,,,,,0,employee,,,,1,,0.0,0.0,29865c8b-cac4-4518-9d4d-4ae0fe1e0dc5,,,0.0,0.0,0.0
hr_employee_test_1773722235717_emp_test_employee,base.main_company,[TEST-1773722235717]-EMP Test Employee,1,0,Jinasena_MasterData_HR.hr_job_software_engineer,Software Engineer,0112 687 916,,test.1773722235717@test.example.com,Jinasena_MasterData_Common.res_partner_test_1773722235717_emp_test_employee,,,,,,,,,,single,,,0,,,,other,,,,,0,employee,,,,1,,0.0,0.0,b61241cb-06eb-404c-83b1-9dd05e89350c,,,0.0,0.0,0.0
hr_employee_test_1773722271518_emp_test_employee,base.main_company,[TEST-1773722271518]-EMP Test Employee,1,0,,,0112 687 916,,test.1773722271518@test.example.com,Jinasena_MasterData_Common.res_partner_test_1773722271518_emp_test_employee,,,,,,,,,,single,,,0,,,,other,,,,,0,employee,,,,1,,0.0,0.0,14273ad0-5f5b-4679-94d2-de5a425da7be,,,0.0,0.0,0.0
hr_employee_test_1773722307394_longname_aaaaaaaaaaaa,base.main_company,[TEST-1773722307394]-LONGNAME-AAAAAAAAAAAAAAAAAAAAAAAAAAAAAAAAAAAAAAAAAAAAAAAAAAAAAAAAAAAAAAAAAAAAAAAAAAAAAAAAAAAAAAAAAAAAAAAAAAAAAAAAAAAAAAAAAAAAAAAAAAAAAAAAAAAAAAAAAAAAAAAAAAAAAAAAAAAAAAAAAAAAAAAAAAAAAAAAAAAAAAAAAAAAAAAAAAAAAAAAAAAAAAAAAAAAAAAAAAAAAAAAAAAAAAAAAAAAAAAA,1,0,,,0112 687 916,,,Jinasena_MasterData_Common.res_partner_test_1773722307394_longname_aaaaaaaaaaaa,,,,,,,,,,single,,,0,,,,other,,,,,0,employee,,,,1,,0.0,0.0,b77debd5-ceae-465d-89f2-9c59c7acc6c7,,,0.0,0.0,0.0
hr_employee_test_1773722371696_special_o_brien,base.main_company,[TEST-1773722371696]-SPECIAL O'Brien,1,0,,,0112 687 916,,test.1773722371696@test.example.com,Jinasena_MasterData_Common.res_partner_test_1773722371696_special_o_brien,,,,,,,,,,single,,,0,,,,other,,,,,0,employee,,,,1,,0.0,0.0,b215850f-e4e4-4cb8-bc88-61f2806e0fc0,,,0.0,0.0,0.0
hr_employee_test_1773722408775_xss_script_alert_1_sc,base.main_company,[TEST-1773722408775]-XSS <script>alert(1)</script>,1,0,,,0112 687 916,,test.1773722408775@test.example.com,Jinasena_MasterData_Common.res_partner_test_1773722408775_xss_script_alert_1_sc,,,,,,,,,,single,,,0,,,,other,,,,,0,employee,,,,1,,0.0,0.0,a4af4047-4d2a-4abb-8fb6-5a1454067590,,,0.0,0.0,0.0
hr_employee_test_1773722408775_xss_script_alert_1_sc_177,base.main_company,[TEST-1773722408775]-XSS <script>alert(1)</script>,1,0,,,0112 687 916,,test.1773722408775@test.example.com,Jinasena_MasterData_Common.res_partner_test_1773722408775_xss_script_alert_1_sc_6768,,,,,,,,,,single,,,0,,,,other,,,,,0,employee,,,,1,,0.0,0.0,d3667147-668e-4370-831a-3f61981b435b,,,0.0,0.0,0.0
hr_employee_test_1773722572254_emp_test_employee,base.main_company,[TEST-1773722572254]-EMP Test Employee,1,0,Jinasena_MasterData_HR.hr_job_software_engineer,Software Engineer,0112 687 916,,test.1773722572254@test.example.com,Jinasena_MasterData_Common.res_partner_test_1773722572254_emp_test_employee,,,,,,,,,,single,,,0,,,,other,,,,,0,employee,,,,1,,0.0,0.0,fc433905-69c7-441b-80ce-58148733d277,,,0.0,0.0,0.0
hr_employee_test_1773722576259_emp_test_employee,base.main_company,[TEST-1773722576259]-EMP Test Employee,1,0,,,0112 687 916,,test.1773722576259@test.example.com,Jinasena_MasterData_Common.res_partner_test_1773722576259_emp_test_employee,,,,,,,,,,single,,,0,,,,other,,,Test Contact,+1-555-0100,0,employee,,,,1,,0.0,0.0,642ec4aa-30d7-4881-91ae-19a97e1b5879,,,0.0,0.0,0.0
hr_employee_test_1773722580974_emp_test_employee,base.main_company,[TEST-1773722580974]-EMP Test Employee,1,0,Jinasena_MasterData_HR.hr_job_software_engineer,Software Engineer,0112 687 916,,test.1773722580974@test.example.com,Jinasena_MasterData_Common.res_partner_test_1773722580974_emp_test_employee,,,,,,,,,,single,,,0,,,,other,,,,,0,employee,,,,1,,0.0,0.0,5a556a5e-73da-4423-bbe8-c520a94c8e33,,,0.0,0.0,0.0
hr_employee_test_1773722616146_emp_test_employee,base.main_company,[TEST-1773722616146]-EMP Test Employee,1,0,,,0112 687 916,,test.1773722616146@test.example.com,Jinasena_MasterData_Common.res_partner_test_1773722616146_emp_test_employee,,,,,,,,,,single,,,0,,,,other,,,,,0,employee,,,,1,,0.0,0.0,d73cec7b-3518-4159-8c57-fd47ad3162ff,,,0.0,0.0,0.0
hr_employee_test_1773722651761_emp_test_employee,base.main_company,[TEST-1773722651761]-EMP Test Employee,1,0,,,0112 687 916,,test.1773722651761@test.example.com,Jinasena_MasterData_Common.res_partner_test_1773722651761_emp_test_employee,,,,,,,,,,single,,,0,,,,other,,,,,0,employee,,,,1,,0.0,0.0,91661ca9-d4fc-4611-8312-e55b7de1c74b,,,0.0,0.0,0.0
hr_employee_test_1773722690516_emp_test_employee,base.main_company,[TEST-1773722690516]-EMP Test Employee,1,0,,,0112 687 916,,test.1773722690516@test.example.com,Jinasena_MasterData_Common.res_partner_test_1773722690516_emp_test_employee,,,,,,,,,,single,,,0,,,,other,,,,,0,employee,,,,1,,0.0,0.0,4921464c-df2a-4d27-b6b1-155c09bb96a6,,,0.0,0.0,0.0
hr_employee_test_1773722697573_emp_test_employee,base.main_company,[TEST-1773722697573]-EMP Test Employee,1,0,Jinasena_MasterData_HR.hr_job_software_engineer,Software Engineer,0112 687 916,,test.1773722697573@test.example.com,Jinasena_MasterData_Common.res_partner_test_1773722697573_emp_test_employee,,,,,,,,,,single,,,0,,,,other,,,,,0,employee,,,,1,,0.0,0.0,4b28add3-ad8f-4c86-9acf-8f6a09590a44,,,0.0,0.0,0.0
hr_employee_test_1773722735707_emp_test_employee,base.main_company,[TEST-1773722735707]-EMP Test Employee,1,0,Jinasena_MasterData_HR.hr_job_software_engineer,Software Engineer,0112 687 916,,test.1773722735707@test.example.com,Jinasena_MasterData_Common.res_partner_test_1773722735707_emp_test_employee,,,,,,,,,,single,,,0,,,,other,,,,,0,employee,,,,1,,0.0,0.0,091e4af5-2048-4ca3-9fac-5f7e7140f15b,,,0.0,0.0,0.0
hr_employee_test_1773722773068_emp_test_employee,base.main_company,[TEST-1773722773068]-EMP Test Employee,1,0,,,0112 687 916,,test.1773722773068@test.example.com,Jinasena_MasterData_Common.res_partner_test_1773722773068_emp_test_employee,,,,,,,,,,single,,,0,,,,other,,,,,0,employee,,,,1,,0.0,0.0,341d3219-f26d-4324-b872-bbf4668fe8d3,,,0.0,0.0,0.0
hr_employee_test_1773722773068_emp_test_employee_cop,base.main_company,[TEST-1773722773068]-EMP Test Employee (copy),1,0,,,0112 687 916,,,Jinasena_MasterData_Common.res_partner_test_1773722773068_emp_test_employee_cop,,,,,,,,,,single,,,0,,,,other,,,,,0,employee,,,,1,,0.0,0.0,31e3ceb9-68a5-4d48-9dc6-02a41f6e4be8,,,0.0,0.0,0.0
hr_employee_test_1773722809538_emp_test_employee,base.main_company,[TEST-1773722809538]-EMP Test Employee,1,0,Jinasena_MasterData_HR.hr_job_software_engineer,Software Engineer,0112 687 916,,test.1773722809538@test.example.com,Jinasena_MasterData_Common.res_partner_test_1773722809538_emp_test_employee,,,,,,,,,,single,,,0,,,,other,,,,,0,employee,,,,1,,0.0,0.0,7f76d8b1-a8c8-47d3-9e9d-0b9c791c4513,,,0.0,0.0,0.0
hr_employee_test_1773722809538_emp_test_employee_cop,base.main_company,[TEST-1773722809538]-EMP Test Employee (copy),1,0,Jinasena_MasterData_HR.hr_job_software_engineer,Software Engineer,0112 687 916,,,Jinasena_MasterData_Common.res_partner_test_1773722809538_emp_test_employee_cop,,,,,,,,,,single,,,0,,,,other,,,,,0,employee,,,,1,,0.0,0.0,3605962b-bc0d-484c-a86d-74ada0626be2,,,0.0,0.0,0.0
hr_employee_test_1773722814957_emp_test_employee,base.main_company,[TEST-1773722814957]-EMP Test Employee,1,0,,,0112 687 916,,test.1773722814957@test.example.com,Jinasena_MasterData_Common.res_partner_test_1773722814957_emp_test_employee,,,,,,,,,,single,,,0,,,,other,,,,,0,employee,,,,1,,0.0,0.0,977b39cc-7773-4344-b523-8eb1f5e52ddd,,,0.0,0.0,0.0
hr_employee_test_1773722817836_emp_test_employee,base.main_company,[TEST-1773722817836]-EMP Test Employee,1,0,,,0112 687 916,,test.1773722817836@test.example.com,Jinasena_MasterData_Common.res_partner_test_1773722817836_emp_test_employee,,,,,,,,,,single,,,0,,,,other,,,,,0,employee,,,,1,,0.0,0.0,321437b7-2116-429b-ba41-21dae0721c05,,,0.0,0.0,0.0
hr_employee_test_1773722823131_emp_test_employee,base.main_company,[TEST-1773722823131]-EMP Test Employee,1,0,Jinasena_MasterData_HR.hr_job_software_engineer,Software Engineer,0112 687 916,,test.1773722823131@test.example.com,Jinasena_MasterData_Common.res_partner_test_1773722823131_emp_test_employee,,,,,,,,,,single,,,0,,,,other,,,Test Contact,+1-555-0100,0,employee,,,,1,,0.0,0.0,76d409b7-28e5-436d-a527-003c9059204e,,,0.0,0.0,0.0
hr_employee_test_1773722827966_emp_test_employee,base.main_company,[TEST-1773722827966]-EMP Test Employee,1,0,,,0112 687 916,,test.1773722827966@test.example.com,Jinasena_MasterData_Common.res_partner_test_1773722827966_emp_test_employee,,,,,,,,,,single,,,0,,,,other,,,,,0,employee,,,,1,,0.0,0.0,941d550c-044d-4918-a1ae-7c7b63cfbfe6,,,0.0,0.0,0.0
hr_employee_test_1773722863427_emp_test_employee,base.main_company,[TEST-1773722863427]-EMP Test Employee,1,0,Jinasena_MasterData_HR.hr_job_software_engineer,Software Engineer,0112 687 916,,test.1773722863427@test.example.com,Jinasena_MasterData_Common.res_partner_test_1773722863427_emp_test_employee,,,,,,,,,,single,,,0,,,,other,,,,,0,employee,,,,1,,0.0,0.0,52c8e1dd-14d6-4b15-9479-aecae2d21e92,,,0.0,0.0,0.0
hr_employee_test_1773722883802_dupname_duplicate_emp,base.main_company,[TEST-1773722883802]-DUPNAME Duplicate Employee,1,0,,,0112 687 916,,test.1773722883802@test.example.com,Jinasena_MasterData_Common.res_partner_test_1773722883802_dupname_duplicate_emp_6788,,,,,,,,,,single,,,0,,,,other,,,,,0,employee,,,,1,,0.0,0.0,df327682-2302-4681-90fe-65ebfb769478,,,0.0,0.0,0.0
hr_employee_test_1773722883802_dupname_duplicate_emp_196,base.main_company,[TEST-1773722883802]-DUPNAME Duplicate Employee,1,0,,,0112 687 916,,test.1773722883802@test.example.com,Jinasena_MasterData_Common.res_partner_test_1773722883802_dupname_duplicate_emp_6787,,,,,,,,,,single,,,0,,,,other,,,,,0,employee,,,,1,,0.0,0.0,a78be287-5511-426e-aed0-f107e13f0451,,,0.0,0.0,0.0
hr_employee_test_1773722883802_dupname_duplicate_emp_198,base.main_company,[TEST-1773722883802]-DUPNAME Duplicate Employee,1,0,,,0112 687 916,,test.1773722883802@test.example.com,Jinasena_MasterData_Common.res_partner_test_1773722883802_dupname_duplicate_emp,,,,,,,,,,single,,,0,,,,other,,,,,0,employee,,,,1,,0.0,0.0,c6d1ba22-79b4-46a3-bb4d-50da5901efaa,,,0.0,0.0,0.0
hr_employee_test_1773722899323_emp_test_employee,base.main_company,[TEST-1773722899323]-EMP Test Employee,1,0,,,0112 687 916,,test.1773722899323@test.example.com,Jinasena_MasterData_Common.res_partner_test_1773722899323_emp_test_employee,,,,,,,,,,single,,,0,,,,other,,,,,0,employee,,,,1,,0.0,0.0,21502dfd-1ce3-4423-ba1b-2a9b828fdf61,,,0.0,0.0,0.0
hr_employee_test_1773722923594_dupname_duplicate_emp,base.main_company,[TEST-1773722923594]-DUPNAME Duplicate Employee,1,0,Jinasena_MasterData_HR.hr_job_software_engineer,Software Engineer,0112 687 916,,test.1773722923594@test.example.com,Jinasena_MasterData_Common.res_partner_test_1773722923594_dupname_duplicate_emp_6793,,,,,,,,,,single,,,0,,,,other,,,,,0,employee,,,,1,,0.0,0.0,db8835d8-445e-41be-8f48-8ed4e301d39e,,,0.0,0.0,0.0
hr_employee_test_1773722923594_dupname_duplicate_emp_201,base.main_company,[TEST-1773722923594]-DUPNAME Duplicate Employee,1,0,Jinasena_MasterData_HR.hr_job_software_engineer,Software Engineer,0112 687 916,,test.1773722923594@test.example.com,Jinasena_MasterData_Common.res_partner_test_1773722923594_dupname_duplicate_emp_6792,,,,,,,,,,single,,,0,,,,other,,,,,0,employee,,,,1,,0.0,0.0,7293ba11-96b8-423c-ad96-7cd4e08bb270,,,0.0,0.0,0.0
hr_employee_test_1773722923594_dupname_duplicate_emp_203,base.main_company,[TEST-1773722923594]-DUPNAME Duplicate Employee,1,0,Jinasena_MasterData_HR.hr_job_software_engineer,Software Engineer,0112 687 916,,test.1773722923594@test.example.com,Jinasena_MasterData_Common.res_partner_test_1773722923594_dupname_duplicate_emp,,,,,,,,,,single,,,0,,,,other,,,,,0,employee,,,,1,,0.0,0.0,deb151cb-210a-4b96-946b-7380af499002,,,0.0,0.0,0.0
hr_employee_test_1773722937197_emp_test_employee,base.main_company,[TEST-1773722937197]-EMP Test Employee,1,0,Jinasena_MasterData_HR.hr_job_software_engineer,Software Engineer,0112 687 916,,test.1773722937197@test.example.com,Jinasena_MasterData_Common.res_partner_test_1773722937197_emp_test_employee,,,,,,,,,,single,,,0,,,,other,,,,,0,employee,,,,1,,0.0,0.0,a83c15e8-0157-4f9c-9d90-ad21f4c27010,,,0.0,0.0,0.0
hr_employee_test_1773722943454_emp_test_employee,base.main_company,[TEST-1773722943454]-EMP Test Employee,1,0,,,0112 687 916,,test.1773722943454@test.example.com,Jinasena_MasterData_Common.res_partner_test_1773722943454_emp_test_employee,,,,,,,,,,single,,,0,,,,other,,,,,0,employee,,,,1,,0.0,0.0,14da6990-e053-42e6-9c25-b917d1fb3b07,,,0.0,0.0,0.0
hr_employee_test_1773722966137_inv_email_test,base.main_company,[TEST-1773722966137]-INV-EMAIL Test,1,0,,,0112 687 916,,not-a-valid-email,Jinasena_MasterData_Common.res_partner_test_1773722966137_inv_email_test,,,,,,,,,,single,,,0,,,,other,,,,,0,employee,,,,1,,0.0,0.0,16537122-ed1c-4871-b998-855c97cd08c8,,,0.0,0.0,0.0
hr_employee_test_1773722978427_inv_email_test,base.main_company,[TEST-1773722978427]-INV-EMAIL Test,1,0,,,0112 687 916,,not-a-valid-email,Jinasena_MasterData_Common.res_partner_test_1773722978427_inv_email_test,,,,,,,,,,single,,,0,,,,other,,,,,0,employee,,,,1,,0.0,0.0,808aa53f-ee00-4ca0-bf42-544d9c8193ea,,,0.0,0.0,0.0
hr_employee_test_1773722981028_emp_test_employee,base.main_company,[TEST-1773722981028]-EMP Test Employee,1,0,Jinasena_MasterData_HR.hr_job_software_engineer,Software Engineer,0112 687 916,,test.1773722981028@test.example.com,Jinasena_MasterData_Common.res_partner_test_1773722981028_emp_test_employee,,,,,,,,,,single,,,0,,,,other,,,,,0,employee,,,,1,,0.0,0.0,ea848aba-29af-4815-ad57-3517c7d1ed32,,,0.0,0.0,0.0
hr_employee_test_1773722988469_emp_test_employee,base.main_company,[TEST-1773722988469]-EMP Test Employee,1,0,,,0112 687 916,,test.1773722988469@test.example.com,Jinasena_MasterData_Common.res_partner_test_1773722988469_emp_test_employee,,,,,,,,,,single,,,0,,,,other,,,,,0,employee,,,,1,,0.0,0.0,d45d1114-9b23-479a-8bb8-6914e25a3ff8,,,0.0,0.0,0.0
hr_employee_test_1773723020637_emp_test_employee,base.main_company,[TEST-1773723020637]-EMP Test Employee,1,0,Jinasena_MasterData_HR.hr_job_software_engineer,Software Engineer,0112 687 916,,test.1773723020637@test.example.com,Jinasena_MasterData_Common.res_partner_test_1773723020637_emp_test_employee,,,,,,,,,,single,,,0,,,,other,,,,,0,employee,,,,1,,0.0,0.0,953351c4-fc76-403c-8a38-c53372a96cce,,,0.0,0.0,0.0
hr_employee_test_1773723020637_emp_test_employee_cop,base.main_company,[TEST-1773723020637]-EMP Test Employee (copy),1,0,Jinasena_MasterData_HR.hr_job_software_engineer,Software Engineer,0112 687 916,,,Jinasena_MasterData_Common.res_partner_test_1773723020637_emp_test_employee_cop,,,,,,,,,,single,,,0,,,,other,,,,,0,employee,,,,1,,0.0,0.0,ba33b938-c810-47cd-a82a-e386567d371f,,,0.0,0.0,0.0
hr_employee_test_1773723024740_emp_test_employee,base.main_company,[TEST-1773723024740]-EMP Test Employee,1,0,,,0112 687 916,,test.1773723024740@test.example.com,Jinasena_MasterData_Common.res_partner_test_1773723024740_emp_test_employee,,,,,,,,,,single,,,0,,,,other,,,,,0,employee,,,,1,,0.0,0.0,da664379-b915-414d-a12f-fceb7bdd1756,,,0.0,0.0,0.0
hr_employee_test_1773723058605_emp_test_employee,base.main_company,[TEST-1773723058605]-EMP Test Employee,1,0,Jinasena_MasterData_HR.hr_job_software_engineer,Software Engineer,0112 687 916,,test.1773723058605@test.example.com,Jinasena_MasterData_Common.res_partner_test_1773723058605_emp_test_employee,,,,,,,,,,single,,,0,,,,other,,,,,0,employee,,,,1,,0.0,0.0,069f2614-eb5e-4f80-8399-90d1e063fb8b,,,0.0,0.0,0.0
hr_employee_test_1773723058605_emp_test_employee_cop,base.main_company,[TEST-1773723058605]-EMP Test Employee (copy),1,0,Jinasena_MasterData_HR.hr_job_software_engineer,Software Engineer,0112 687 916,,,Jinasena_MasterData_Common.res_partner_test_1773723058605_emp_test_employee_cop,,,,,,,,,,single,,,0,,,,other,,,,,0,employee,,,,1,,0.0,0.0,77f81478-0e06-4001-9ab1-63a9d196abe5,,,0.0,0.0,0.0
hr_employee_test_1773723062186_emp_test_employee,base.main_company,[TEST-1773723062186]-EMP Test Employee,1,0,,,0112 687 916,,test.1773723062186@test.example.com,Jinasena_MasterData_Common.res_partner_test_1773723062186_emp_test_employee,,,,,,,,,,single,,,0,,,,other,,,,,0,employee,,,,1,,0.0,0.0,eded4579-ae6c-4ca2-871c-d485b6c7a570,,,0.0,0.0,0.0
hr_employee_test_1773723066577_emp_test_employee,base.main_company,[TEST-1773723066577]-EMP Test Employee,1,0,,,0112 687 916,,test.1773723066577@test.example.com,Jinasena_MasterData_Common.res_partner_test_1773723066577_emp_test_employee,,,,,,,,,,single,,,0,,,,other,,,,,0,employee,,,,1,,0.0,0.0,5723007a-e3e4-4465-b2b4-426ed82408b4,,,0.0,0.0,0.0
hr_employee_test_1773723071529_longname_aaaaaaaaaaaa,base.main_company,[TEST-1773723071529]-LONGNAME-AAAAAAAAAAAAAAAAAAAAAAAAAAAAAAAAAAAAAAAAAAAAAAAAAAAAAAAAAAAAAAAAAAAAAAAAAAAAAAAAAAAAAAAAAAAAAAAAAAAAAAAAAAAAAAAAAAAAAAAAAAAAAAAAAAAAAAAAAAAAAAAAAAAAAAAAAAAAAAAAAAAAAAAAAAAAAAAAAAAAAAAAAAAAAAAAAAAAAAAAAAAAAAAAAAAAAAAAAAAAAAAAAAAAAAAAAAAAAAAA,1,0,,,0112 687 916,,,Jinasena_MasterData_Common.res_partner_test_1773723071529_longname_aaaaaaaaaaaa,,,,,,,,,,single,,,0,,,,other,,,,,0,employee,,,,1,,0.0,0.0,fc09f2d5-5137-491d-8204-52d549070272,,,0.0,0.0,0.0
hr_employee_test_1773723105082_special_o_brien,base.main_company,[TEST-1773723105082]-SPECIAL O'Brien,1,0,Jinasena_MasterData_HR.hr_job_software_engineer,Software Engineer,0112 687 916,,test.1773723105082@test.example.com,Jinasena_MasterData_Common.res_partner_test_1773723105082_special_o_brien,,,,,,,,,,single,,,0,,,,other,,,,,0,employee,,,,1,,0.0,0.0,290f1243-b127-48f6-809a-b42d09afdc6e,,,0.0,0.0,0.0
hr_employee_test_1773723131943_dupname_duplicate_emp,base.main_company,[TEST-1773723131943]-DUPNAME Duplicate Employee,1,0,,,0112 687 916,,test.1773723131943@test.example.com,Jinasena_MasterData_Common.res_partner_test_1773723131943_dupname_duplicate_emp,,,,,,,,,,single,,,0,,,,other,,,,,0,employee,,,,1,,0.0,0.0,20566bfd-b650-436d-9ffc-85504d2aa835,,,0.0,0.0,0.0
hr_employee_test_1773723131943_dupname_duplicate_emp_220,base.main_company,[TEST-1773723131943]-DUPNAME Duplicate Employee,1,0,Jinasena_MasterData_HR.hr_job_software_engineer,Software Engineer,0112 687 916,,test.1773723131943@test.example.com,Jinasena_MasterData_Common.res_partner_test_1773723131943_dupname_duplicate_emp_6811,,,,,,,,,,single,,,0,,,,other,,,,,0,employee,,,,1,,0.0,0.0,0e45d60b-f1b2-44cb-bfe0-822dcb787d74,,,0.0,0.0,0.0
hr_employee_test_1773723131943_dupname_duplicate_emp_221,base.main_company,[TEST-1773723131943]-DUPNAME Duplicate Employee,1,0,Jinasena_MasterData_HR.hr_job_software_engineer,Software Engineer,0112 687 916,,test.1773723131943@test.example.com,Jinasena_MasterData_Common.res_partner_test_1773723131943_dupname_duplicate_emp_6812,,,,,,,,,,single,,,0,,,,other,,,,,0,employee,,,,1,,0.0,0.0,88276136-e88c-483c-acb6-963af6038dd7,,,0.0,0.0,0.0
hr_employee_test_1773723141270_dupname_duplicate_emp,base.main_company,[TEST-1773723141270]-DUPNAME Duplicate Employee,1,0,,,0112 687 916,,test.1773723141270@test.example.com,Jinasena_MasterData_Common.res_partner_test_1773723141270_dupname_duplicate_emp_6814,,,,,,,,,,single,,,0,,,,other,,,,,0,employee,,,,1,,0.0,0.0,3f8e2f89-03ea-4c0b-950a-a4b11b4c3a26,,,0.0,0.0,0.0
hr_employee_test_1773723141270_dupname_duplicate_emp_226,base.main_company,[TEST-1773723141270]-DUPNAME Duplicate Employee,1,0,Jinasena_MasterData_HR.hr_job_software_engineer,Software Engineer,0112 687 916,,test.1773723141270@test.example.com,Jinasena_MasterData_Common.res_partner_test_1773723141270_dupname_duplicate_emp,,,,,,,,,,single,,,0,,,,other,,,,,0,employee,,,,1,,0.0,0.0,36ba79d3-ab76-44dd-83b9-eab6950fadf7,,,0.0,0.0,0.0
hr_employee_test_1773723141270_dupname_duplicate_emp_224,base.main_company,[TEST-1773723141270]-DUPNAME Duplicate Employee,1,0,,,0112 687 916,,test.1773723141270@test.example.com,Jinasena_MasterData_Common.res_partner_test_1773723141270_dupname_duplicate_emp_6815,,,,,,,,,,single,,,0,,,,other,,,,,0,employee,,,,1,,0.0,0.0,73e6c69c-2580-4c33-982f-42912f8fda6b,,,0.0,0.0,0.0
hr_employee_test_1773723142403_special_o_brien,base.main_company,[TEST-1773723142403]-SPECIAL O'Brien,1,0,Jinasena_MasterData_HR.hr_job_software_engineer,Software Engineer,0112 687 916,,test.1773723142403@test.example.com,Jinasena_MasterData_Common.res_partner_test_1773723142403_special_o_brien,,,,,,,,,,single,,,0,,,,other,,,,,0,employee,,,,1,,0.0,0.0,b8aec8e1-0c70-477b-9745-6b681d61d888,,,0.0,0.0,0.0
hr_employee_test_1773723148968_special_m_ller,base.main_company,[TEST-1773723148968]-SPECIAL Müller,1,0,,,0112 687 916,,test.1773723148968@test.example.com,Jinasena_MasterData_Common.res_partner_test_1773723148968_special_m_ller,,,,,,,,,,single,,,0,,,,other,,,,,0,employee,,,,1,,0.0,0.0,5a95c11c-bd08-4a45-9e36-300b6be6b831,,,0.0,0.0,0.0
hr_employee_test_1773723153814_special,base.main_company,[TEST-1773723153814]-SPECIAL 李明,1,0,,,0112 687 916,,test.1773723153814@test.example.com,Jinasena_MasterData_Common.res_partner_test_1773723153814_special,,,,,,,,,,single,,,0,,,,other,,,,,0,employee,,,,1,,0.0,0.0,9fb72cbf-33fb-4f78-9735-e9fe5077da1f,,,0.0,0.0,0.0
hr_employee_test_1773723154789_emp_test_employee,base.main_company,[TEST-1773723154789]-EMP Test Employee,1,0,Jinasena_MasterData_HR.hr_job_software_engineer,Software Engineer,0112 687 916,,test.1773723154789@test.example.com,Jinasena_MasterData_Common.res_partner_test_1773723154789_emp_test_employee,,,,,,,,,,single,,,0,,,,other,,,,,0,employee,,,,1,,0.0,0.0,dfa3609d-93e0-4638-bb90-d4762f6d3a1c,,,0.0,0.0,0.0
hr_employee_test_1773723159149_xss_script_alert_1_sc,base.main_company,[TEST-1773723159149]-XSS <script>alert(1)</script>,1,0,Jinasena_MasterData_HR.hr_job_software_engineer,Software Engineer,0112 687 916,,test.1773723159149@test.example.com,Jinasena_MasterData_Common.res_partner_test_1773723159149_xss_script_alert_1_sc,,,,,,,,,,single,,,0,,,,other,,,,,0,employee,,,,1,,0.0,0.0,3068c31f-4564-4920-b4de-886e1fdc6b9c,,,0.0,0.0,0.0
hr_employee_test_1773723159149_xss_script_alert_1_sc_231,base.main_company,[TEST-1773723159149]-XSS <script>alert(1)</script>,1,0,Jinasena_MasterData_HR.hr_job_software_engineer,Software Engineer,0112 687 916,,test.1773723159149@test.example.com,Jinasena_MasterData_Common.res_partner_test_1773723159149_xss_script_alert_1_sc_6822,,,,,,,,,,single,,,0,,,,other,,,,,0,employee,,,,1,,0.0,0.0,3f65d3a7-6670-4536-b65e-0190b857dd96,,,0.0,0.0,0.0
hr_employee_test_1773723159271_emp_test_employee,base.main_company,[TEST-1773723159271]-EMP Test Employee,1,0,,,0112 687 916,,test.1773723159271@test.example.com,Jinasena_MasterData_Common.res_partner_test_1773723159271_emp_test_employee,,,,,,,,,,single,,,0,,,,other,,,Test Contact,+1-555-0100,0,employee,,,,1,,0.0,0.0,beb3e771-6e6c-453a-ae90-e569f4844cfd,,,0.0,0.0,0.0
hr_employee_test_1773723165365_emp_test_employee,base.main_company,[TEST-1773723165365]-EMP Test Employee,1,0,,,0112 687 916,,test.1773723165365@test.example.com,Jinasena_MasterData_Common.res_partner_test_1773723165365_emp_test_employee,,,,,,,,,,single,,,0,,,,other,,,,,0,employee,,,,1,,0.0,0.0,7247f915-a15a-479e-b2a1-d2a8d142e0c3,,,0.0,0.0,0.0
hr_employee_test_1773723201122_emp_test_employee,base.main_company,[TEST-1773723201122]-EMP Test Employee,1,0,Jinasena_MasterData_HR.hr_job_software_engineer,Software Engineer,0112 687 916,,test.1773723201122@test.example.com,Jinasena_MasterData_Common.res_partner_test_1773723201122_emp_test_employee,,,,,,,,,,single,,,0,,,,other,,,,,0,employee,,,,1,,0.0,0.0,ccf9a5a7-5ad6-4eae-8b45-c033d4058628,,,0.0,0.0,0.0
hr_employee_test_1773723236920_emp_test_employee,base.main_company,[TEST-1773723236920]-EMP Test Employee,1,0,,,0112 687 916,,test.1773723236920@test.example.com,Jinasena_MasterData_Common.res_partner_test_1773723236920_emp_test_employee,,,,,,,,,,single,,,0,,,,other,,,,,0,employee,,,,1,,0.0,0.0,cf78a303-5a67-42be-a00c-c83a9666dc58,,,0.0,0.0,0.0
hr_employee_test_1773723243607_inv_email_test,base.main_company,[TEST-1773723243607]-INV-EMAIL Test,1,0,,,0112 687 916,,not-a-valid-email,Jinasena_MasterData_Common.res_partner_test_1773723243607_inv_email_test,,,,,,,,,,single,,,0,,,,other,,,,,0,employee,,,,1,,0.0,0.0,7bae6734-1247-4aba-8243-b652451a7b61,,,0.0,0.0,0.0
hr_employee_test_1773723255644_inv_email_test,base.main_company,[TEST-1773723255644]-INV-EMAIL Test,1,0,,,0112 687 916,,not-a-valid-email,Jinasena_MasterData_Common.res_partner_test_1773723255644_inv_email_test,,,,,,,,,,single,,,0,,,,other,,,,,0,employee,,,,1,,0.0,0.0,10e44c1a-6e94-456a-a57e-0ec857be6cc2,,,0.0,0.0,0.0
hr_employee_test_1773723265643_emp_test_employee,base.main_company,[TEST-1773723265643]-EMP Test Employee,1,0,,,0112 687 916,,test.1773723265643@test.example.com,Jinasena_MasterData_Common.res_partner_test_1773723265643_emp_test_employee,,,,,,,,,,single,,,0,,,,other,,,,,0,employee,,,,1,,0.0,0.0,adcb9376-4bb1-4812-b457-ff1f38a6103c,,,0.0,0.0,0.0
hr_employee_test_1773723273791_emp_test_employee,base.main_company,[TEST-1773723273791]-EMP Test Employee,1,0,Jinasena_MasterData_HR.hr_job_software_engineer,Software Engineer,0112 687 916,,test.1773723273791@test.example.com,Jinasena_MasterData_Common.res_partner_test_1773723273791_emp_test_employee,,,,,,,,,,single,,,0,,,,other,,,,,0,employee,,,,1,,0.0,0.0,01376f79-0b3e-4091-8f35-078f01b95f27,,,0.0,0.0,0.0
hr_employee_test_1773723279905_emp_test_employee,base.main_company,[TEST-1773723279905]-EMP Test Employee,1,0,Jinasena_MasterData_HR.hr_job_software_engineer,Software Engineer,0112 687 916,,test.1773723279905@test.example.com,Jinasena_MasterData_Common.res_partner_test_1773723279905_emp_test_employee,,,,,,,,,,single,,,0,,,,other,,,,,0,employee,,,,1,,0.0,0.0,923f5d54-76cf-42c6-a6c1-44f2f180a49e,,,0.0,0.0,0.0
hr_employee_test_1773723301416_emp_test_employee,base.main_company,[TEST-1773723301416]-EMP Test Employee,1,0,,,0112 687 916,,test.1773723301416@test.example.com,Jinasena_MasterData_Common.res_partner_test_1773723301416_emp_test_employee,,,,,,,,,,single,,,0,,,,other,,,,,0,employee,,,,1,,0.0,0.0,6dfbed8a-5b97-48c3-8ac2-1e0d6886308f,,,0.0,0.0,0.0
hr_employee_test_1773723320261_emp_test_employee,base.main_company,[TEST-1773723320261]-EMP Test Employee,1,0,Jinasena_MasterData_HR.hr_job_software_engineer,Software Engineer,0112 687 916,,test.1773723320261@test.example.com,Jinasena_MasterData_Common.res_partner_test_1773723320261_emp_test_employee,,,,,,,,,,single,,,0,,,,other,,,,,0,employee,,,,1,,0.0,0.0,c3e5d47b-f7d2-4c73-89a9-eb8659c7697c,,,0.0,0.0,0.0
hr_employee_test_1773723337506_emp_test_employee,base.main_company,[TEST-1773723337506]-EMP Test Employee,1,0,Jinasena_MasterData_HR.hr_job_software_engineer,Software Engineer,0112 687 916,,test.1773723337506@test.example.com,Jinasena_MasterData_Common.res_partner_test_1773723337506_emp_test_employee,,,,,,,,,,single,,,0,,,,other,,,,,0,employee,,,,1,,0.0,0.0,2003f904-bafb-405a-bb6d-fe8803cf3ee8,,,0.0,0.0,0.0
hr_employee_test_1773723342808_emp_test_employee,base.main_company,[TEST-1773723342808]-EMP Test Employee,1,0,,,0112 687 916,,test.1773723342808@test.example.com,Jinasena_MasterData_Common.res_partner_test_1773723342808_emp_test_employee,,,,,,,,,,single,,,0,,,,other,,,,,0,employee,,,,1,,0.0,0.0,64dcf055-5e81-4c53-95ec-3ffa390d0246,,,0.0,0.0,0.0
hr_employee_test_1773723347743_longname_aaaaaaaaaaaa,base.main_company,[TEST-1773723347743]-LONGNAME-AAAAAAAAAAAAAAAAAAAAAAAAAAAAAAAAAAAAAAAAAAAAAAAAAAAAAAAAAAAAAAAAAAAAAAAAAAAAAAAAAAAAAAAAAAAAAAAAAAAAAAAAAAAAAAAAAAAAAAAAAAAAAAAAAAAAAAAAAAAAAAAAAAAAAAAAAAAAAAAAAAAAAAAAAAAAAAAAAAAAAAAAAAAAAAAAAAAAAAAAAAAAAAAAAAAAAAAAAAAAAAAAAAAAAAAAAAAAAAAA,1,0,,,0112 687 916,,,Jinasena_MasterData_Common.res_partner_test_1773723347743_longname_aaaaaaaaaaaa,,,,,,,,,,single,,,0,,,,other,,,,,0,employee,,,,1,,0.0,0.0,5a5be3ad-ce48-4f73-9ded-f628ccd82067,,,0.0,0.0,0.0
hr_employee_test_1773723381027_special_o_brien,base.main_company,[TEST-1773723381027]-SPECIAL O'Brien,1,0,,,0112 687 916,,test.1773723381027@test.example.com,Jinasena_MasterData_Common.res_partner_test_1773723381027_special_o_brien,,,,,,,,,,single,,,0,,,,other,,,,,0,employee,,,,1,,0.0,0.0,f8ee4545-d793-48de-b5eb-0dfe36adaea5,,,0.0,0.0,0.0
hr_employee_test_1773723418255_special_o_brien,base.main_company,[TEST-1773723418255]-SPECIAL O'Brien,1,0,Jinasena_MasterData_HR.hr_job_software_engineer,Software Engineer,0112 687 916,,test.1773723418255@test.example.com,Jinasena_MasterData_Common.res_partner_test_1773723418255_special_o_brien,,,,,,,,,,single,,,0,,,,other,,,,,0,employee,,,,1,,0.0,0.0,7e48fd3e-b7c8-4b60-99ad-35cd5544534f,,,0.0,0.0,0.0
hr_employee_test_1773723423497_special_m_ller,base.main_company,[TEST-1773723423497]-SPECIAL Müller,1,0,Jinasena_MasterData_HR.hr_job_software_engineer,Software Engineer,0112 687 916,,test.1773723423497@test.example.com,Jinasena_MasterData_Common.res_partner_test_1773723423497_special_m_ller,,,,,,,,,,single,,,0,,,,other,,,,,0,employee,,,,1,,0.0,0.0,01f4b7f7-e982-4a57-a0e2-f222a2a7468e,,,0.0,0.0,0.0
hr_employee_test_1773723426978_special,base.main_company,[TEST-1773723426978]-SPECIAL 李明,1,0,Jinasena_MasterData_HR.hr_job_software_engineer,Software Engineer,0112 687 916,,test.1773723426978@test.example.com,Jinasena_MasterData_Common.res_partner_test_1773723426978_special,,,,,,,,,,single,,,0,,,,other,,,,,0,employee,,,,1,,0.0,0.0,d073ffaa-5b0a-46b7-af11-8fbfb7eac7d5,,,0.0,0.0,0.0
hr_employee_test_1773723431395_xss_script_alert_1_sc,base.main_company,[TEST-1773723431395]-XSS <script>alert(1)</script>,1,0,,,0112 687 916,,test.1773723431395@test.example.com,Jinasena_MasterData_Common.res_partner_test_1773723431395_xss_script_alert_1_sc,,,,,,,,,,single,,,0,,,,other,,,,,0,employee,,,,1,,0.0,0.0,182027cc-c445-463d-b223-89775142ce04,,,0.0,0.0,0.0
hr_employee_test_1773723431395_xss_script_alert_1_sc_251,base.main_company,[TEST-1773723431395]-XSS <script>alert(1)</script>,1,0,,,0112 687 916,,test.1773723431395@test.example.com,Jinasena_MasterData_Common.res_partner_test_1773723431395_xss_script_alert_1_sc_6842,,,,,,,,,,single,,,0,,,,other,,,,,0,employee,,,,1,,0.0,0.0,a9a75e15-ce39-4623-b170-e4b768de0719,,,0.0,0.0,0.0
hr_employee_test_1773723482329_emp_test_employee,base.main_company,[TEST-1773723482329]-EMP Test Employee,1,0,,,0112 687 916,,test.1773723482329@test.example.com,Jinasena_MasterData_Common.res_partner_test_1773723482329_emp_test_employee,,,,,,,,,,single,,,0,,,,other,,,,,0,employee,,,,1,,0.0,0.0,b52af09f-84cc-47bf-bbbb-cbcc5e5159b9,,,0.0,0.0,0.0
hr_employee_test_1773723485334_emp_test_employee,base.main_company,[TEST-1773723485334]-EMP Test Employee,1,0,,,0112 687 916,,test.1773723485334@test.example.com,Jinasena_MasterData_Common.res_partner_test_1773723485334_emp_test_employee,,,,,,,,,,single,,,0,,,,other,,,,,0,employee,,,,1,,0.0,0.0,c06582f8-06f4-4f4a-8b38-4d894d09f6e3,,,0.0,0.0,0.0
hr_employee_test_1773723490380_emp_test_employee,base.main_company,[TEST-1773723490380]-EMP Test Employee,1,0,,,0112 687 916,,test.1773723490380@test.example.com,Jinasena_MasterData_Common.res_partner_test_1773723490380_emp_test_employee,,,,,,,,,,single,,,0,,,,other,,,Test Contact,+1-555-0100,0,employee,,,,1,,0.0,0.0,eafa95ef-6f92-4d6f-96d2-4eea38997f58,,,0.0,0.0,0.0
hr_employee_test_1773723496482_emp_test_employee,base.main_company,[TEST-1773723496482]-EMP Test Employee,1,0,,,0112 687 916,,test.1773723496482@test.example.com,Jinasena_MasterData_Common.res_partner_test_1773723496482_emp_test_employee,,,,,,,,,,single,,,0,,,,other,,,,,0,employee,,,,1,,0.0,0.0,c77f73f8-13df-4601-9b6a-fb0f8037c31f,,,0.0,0.0,0.0
hr_employee_test_1773723531802_emp_test_employee,base.main_company,[TEST-1773723531802]-EMP Test Employee,1,0,Jinasena_MasterData_HR.hr_job_software_engineer,Software Engineer,0112 687 916,,test.1773723531802@test.example.com,Jinasena_MasterData_Common.res_partner_test_1773723531802_emp_test_employee,,,,,,,,,,single,,,0,,,,other,,,,,0,employee,,,,1,,0.0,0.0,12b01c9c-2f5a-438e-bf04-8c2e57ba4955,,,0.0,0.0,0.0
hr_employee_test_1773723567704_emp_test_employee,base.main_company,[TEST-1773723567704]-EMP Test Employee,1,0,,,0112 687 916,,test.1773723567704@test.example.com,Jinasena_MasterData_Common.res_partner_test_1773723567704_emp_test_employee,,,,,,,,,,single,,,0,,,,other,,,,,0,employee,,,,1,,0.0,0.0,aed4f535-ba36-4d8d-8e5d-5a6a4fc09ebd,,,0.0,0.0,0.0
hr_employee_test_1773723608024_emp_test_employee,base.main_company,[TEST-1773723608024]-EMP Test Employee,1,0,,,0112 687 916,,test.1773723608024@test.example.com,Jinasena_MasterData_Common.res_partner_test_1773723608024_emp_test_employee,,,,,,,,,,single,,,0,,,,other,,,,,0,employee,,1234,,1,,25.0,0.0,a3da83aa-ed32-4cf3-86dc-bdf18d8eb41a,,,0.0,0.0,0.0
hr_employee_test_1773723612721_emp_test_employee,base.main_company,[TEST-1773723612721]-EMP Test Employee,1,0,,,0112 687 916,,test.1773723612721@test.example.com,Jinasena_MasterData_Common.res_partner_test_1773723612721_emp_test_employee,,,,,,,,,,single,,,0,,,,other,,,,,0,employee,,,,1,,0.0,0.0,dd63a622-3c6c-4f21-98c4-580d617c2dc8,,,0.0,0.0,0.0
hr_employee_test_1773723618453_emp_test_employee,base.main_company,[TEST-1773723618453]-EMP Test Employee,1,0,,,0112 687 916,,test.1773723618453@test.example.com,Jinasena_MasterData_Common.res_partner_test_1773723618453_emp_test_employee,,,,,,,,,,single,,,0,,,,other,,,,,0,employee,,,,1,,0.0,0.0,1c85802f-bf2f-4ddc-b451-6eeac5833d9e,,,0.0,0.0,0.0
hr_employee_test_1773723658137_emp_test_employee,base.main_company,[TEST-1773723658137]-EMP Test Employee,1,0,,,0112 687 916,,test.1773723658137@test.example.com,Jinasena_MasterData_Common.res_partner_test_1773723658137_emp_test_employee,,,,,,,,,,single,,,0,,,,other,,,,,0,employee,,,,1,,0.0,0.0,73f20596-67e1-46a9-86db-11e5b5b2b51d,,,0.0,0.0,0.0
hr_employee_test_1773723698377_emp_test_employee,base.main_company,[TEST-1773723698377]-EMP Test Employee,1,0,,,0112 687 916,,test.1773723698377@test.example.com,Jinasena_MasterData_Common.res_partner_test_1773723698377_emp_test_employee,,,,,,,,,,single,,,0,,,,other,,,,,0,employee,,,,1,,0.0,0.0,1dcf1e81-3ca6-4c87-8dc0-77f8980d473e,,,0.0,0.0,0.0
hr_employee_test_1773723698377_emp_test_employee_cop,base.main_company,[TEST-1773723698377]-EMP Test Employee (copy),1,0,,,0112 687 916,,,Jinasena_MasterData_Common.res_partner_test_1773723698377_emp_test_employee_cop,,,,,,,,,,single,,,0,,,,other,,,,,0,employee,,,,1,,0.0,0.0,d3849406-cae2-4afa-81ab-f3b50ddfbce0,,,0.0,0.0,0.0
hr_employee_test_1773723737556_emp_test_employee,base.main_company,[TEST-1773723737556]-EMP Test Employee,1,0,,,0112 687 916,,test.1773723737556@test.example.com,Jinasena_MasterData_Common.res_partner_test_1773723737556_emp_test_employee,,,,,,,,,,single,,,0,,,,other,,,,,0,employee,,,,1,,0.0,0.0,c43a4819-e639-47bc-986e-6b280ce63311,,,0.0,0.0,0.0
hr_employee_test_1773723737556_emp_test_employee_cop,base.main_company,[TEST-1773723737556]-EMP Test Employee (copy),1,0,,,0112 687 916,,,Jinasena_MasterData_Common.res_partner_test_1773723737556_emp_test_employee_cop,,,,,,,,,,single,,,0,,,,other,,,,,0,employee,,,,1,,0.0,0.0,25ca6e44-7e98-400f-899d-b2a1ba825e16,,,0.0,0.0,0.0
hr_employee_test_1773724003683_emp_test_employee,base.main_company,[TEST-1773724003683]-EMP Test Employee,1,0,,,0112 687 916,,test.1773724003683@test.example.com,Jinasena_MasterData_Common.res_partner_test_1773724003683_emp_test_employee,,,,,,,,,,single,,,0,,,,other,,,,,0,employee,,,,1,,0.0,0.0,931a5a73-933a-4f90-bbb4-779cc5b988ec,,,0.0,0.0,0.0
hr_employee_test_1773724011255_emp_test_employee,base.main_company,[TEST-1773724011255]-EMP Test Employee,1,0,,,0112 687 916,,test.1773724011255@test.example.com,Jinasena_MasterData_Common.res_partner_test_1773724011255_emp_test_employee,,,,,,,,,,single,,,0,,,,other,,,,,0,employee,,,,1,,0.0,0.0,fb1eaa60-3412-4b56-92cc-537a0f796525,,,0.0,0.0,0.0
hr_employee_test_1773724048812_emp_test_employee,base.main_company,[TEST-1773724048812]-EMP Test Employee,1,0,,,0112 687 916,,test.1773724048812@test.example.com,Jinasena_MasterData_Common.res_partner_test_1773724048812_emp_test_employee,,,,,,,,,,single,,,0,,,,other,,,,,0,employee,,,,1,,0.0,0.0,404ac48e-1ff1-45d4-87e2-eb70cd6223e1,,,0.0,0.0,0.0
hr_employee_test_1773724087225_emp_test_employee,base.main_company,[TEST-1773724087225]-EMP Test Employee,1,0,,,0112 687 916,,test.1773724087225@test.example.com,Jinasena_MasterData_Common.res_partner_test_1773724087225_emp_test_employee,,,,,,,,,,single,,,0,,,,other,,,,,0,employee,,,,1,,0.0,0.0,ae1078f5-11d9-4f83-83b4-68454e928edb,,,0.0,0.0,0.0
hr_employee_test_1773724087225_emp_test_employee_cop,base.main_company,[TEST-1773724087225]-EMP Test Employee (copy),1,0,,,0112 687 916,,,Jinasena_MasterData_Common.res_partner_test_1773724087225_emp_test_employee_cop,,,,,,,,,,single,,,0,,,,other,,,,,0,employee,,,,1,,0.0,0.0,e6354b00-bf95-4d9e-b47f-f84629e748b2,,,0.0,0.0,0.0
hr_employee_test_1773724124134_emp_test_employee,base.main_company,[TEST-1773724124134]-EMP Test Employee,1,0,Jinasena_MasterData_HR.hr_job_software_engineer,Software Engineer,0112 687 916,,test.1773724124134@test.example.com,Jinasena_MasterData_Common.res_partner_test_1773724124134_emp_test_employee,,,,,,,,,,single,,,0,,,,other,,,,,0,employee,,,,1,,0.0,0.0,5499c71c-38f0-4ca2-8667-dc0d76169811,,,0.0,0.0,0.0
hr_employee_test_1773724124134_emp_test_employee_cop,base.main_company,[TEST-1773724124134]-EMP Test Employee (copy),1,0,Jinasena_MasterData_HR.hr_job_software_engineer,Software Engineer,0112 687 916,,,Jinasena_MasterData_Common.res_partner_test_1773724124134_emp_test_employee_cop,,,,,,,,,,single,,,0,,,,other,,,,,0,employee,,,,1,,0.0,0.0,5ba73b19-16f5-469c-a6fc-2580d9eb6da6,,,0.0,0.0,0.0
hr_employee_test_1773724528491_emp_test_employee,base.main_company,[TEST-1773724528491]-EMP Test Employee,1,0,Jinasena_MasterData_HR.hr_job_software_engineer,Software Engineer,0112 687 916,,test.1773724528491@test.example.com,Jinasena_MasterData_Common.res_partner_test_1773724528491_emp_test_employee,,,,,,,,,,single,,,0,,,,other,,,,,0,employee,,,,1,,0.0,0.0,92379df5-79ff-412d-bb81-54709a3c2068,,,0.0,0.0,0.0
hr_employee_test_1773724535044_emp_test_employee,base.main_company,[TEST-1773724535044]-EMP Test Employee,1,0,,,0112 687 916,,test.1773724535044@test.example.com,Jinasena_MasterData_Common.res_partner_test_1773724535044_emp_test_employee,,,,,,,,,,single,,,0,,,,other,,,,,0,employee,,,,1,,0.0,0.0,848409dd-521c-4a73-88fa-c1b98c715de3,,,0.0,0.0,0.0
hr_employee_test_1773724573016_emp_test_employee,base.main_company,[TEST-1773724573016]-EMP Test Employee,1,0,Jinasena_MasterData_HR.hr_job_software_engineer,Software Engineer,0112 687 916,,test.1773724573016@test.example.com,Jinasena_MasterData_Common.res_partner_test_1773724573016_emp_test_employee,,,,,,,,,,single,,,0,,,,other,,,,,0,employee,,,,1,,0.0,0.0,021872da-4e4e-4055-85f8-c8bdf5c76e17,,,0.0,0.0,0.0
hr_employee_test_1773724612881_emp_test_employee,base.main_company,[TEST-1773724612881]-EMP Test Employee,1,0,,,0112 687 916,,test.1773724612881@test.example.com,Jinasena_MasterData_Common.res_partner_test_1773724612881_emp_test_employee,,,,,,,,,,single,,,0,,,,other,,,,,0,employee,,,,1,,0.0,0.0,dae2900c-7832-466e-84bd-55e7bd104375,,,0.0,0.0,0.0
hr_employee_test_1773724612881_emp_test_employee_cop,base.main_company,[TEST-1773724612881]-EMP Test Employee (copy),1,0,,,0112 687 916,,,Jinasena_MasterData_Common.res_partner_test_1773724612881_emp_test_employee_cop,,,,,,,,,,single,,,0,,,,other,,,,,0,employee,,,,1,,0.0,0.0,ac048ac3-b9c2-4f55-9fa2-54b261125b82,,,0.0,0.0,0.0
hr_employee_test_1773724652000_emp_test_employee,base.main_company,[TEST-1773724652000]-EMP Test Employee,1,0,Jinasena_MasterData_HR.hr_job_software_engineer,Software Engineer,0112 687 916,,test.1773724652000@test.example.com,Jinasena_MasterData_Common.res_partner_test_1773724652000_emp_test_employee,,,,,,,,,,single,,,0,,,,other,,,,,0,employee,,,,1,,0.0,0.0,16eec72e-a3df-4fba-8457-0e7ed0efa4cb,,,0.0,0.0,0.0
hr_employee_test_1773724652000_emp_test_employee_cop,base.main_company,[TEST-1773724652000]-EMP Test Employee (copy),1,0,Jinasena_MasterData_HR.hr_job_software_engineer,Software Engineer,0112 687 916,,,Jinasena_MasterData_Common.res_partner_test_1773724652000_emp_test_employee_cop,,,,,,,,,,single,,,0,,,,other,,,,,0,employee,,,,1,,0.0,0.0,ae4d3176-3c43-415d-bfe6-dca5465b73cb,,,0.0,0.0,0.0
hr_employee_test_1773725257297_emp_test_employee,base.main_company,[TEST-1773725257297]-EMP Test Employee,1,0,,,0112 687 916,,test.1773725257297@test.example.com,Jinasena_MasterData_Common.res_partner_test_1773725257297_emp_test_employee,,,,,,,,,,single,,,0,,,,other,,,,,0,employee,,,,1,,0.0,0.0,f7d15d50-76f9-48fa-b146-ecfb525c252e,,,0.0,0.0,0.0
hr_employee_test_1773725260785_emp_test_employee,base.main_company,[TEST-1773725260785]-EMP Test Employee,1,0,,,0112 687 916,,test.1773725260785@test.example.com,Jinasena_MasterData_Common.res_partner_test_1773725260785_emp_test_employee,,,,,,,,,,single,,,0,,,,other,,,,,0,employee,,,,1,,0.0,0.0,3aa12492-d995-4479-96a5-78186b09cc35,,,0.0,0.0,0.0
hr_employee_test_1773725265235_emp_test_employee,base.main_company,[TEST-1773725265235]-EMP Test Employee,1,0,,,0112 687 916,,test.1773725265235@test.example.com,Jinasena_MasterData_Common.res_partner_test_1773725265235_emp_test_employee,,,,,,,,,,single,,,0,,,,other,,,Test Contact,+1-555-0100,0,employee,,,,1,,0.0,0.0,294d0f92-8b32-428b-80f8-52992b93a177,,,0.0,0.0,0.0
hr_employee_test_1773725270816_emp_test_employee,base.main_company,[TEST-1773725270816]-EMP Test Employee,1,0,Jinasena_MasterData_HR.hr_job_software_engineer,Software Engineer,0112 687 916,,test.1773725270816@test.example.com,Jinasena_MasterData_Common.res_partner_test_1773725270816_emp_test_employee,,,,,,,,,,single,,,0,,,,other,,,,,0,employee,,1234,,1,,25.0,0.0,8681704d-ff50-4579-9599-6a157d4762d9,,,0.0,0.0,0.0
hr_employee_test_1773725275731_emp_test_employee,base.main_company,[TEST-1773725275731]-EMP Test Employee,1,0,Jinasena_MasterData_HR.hr_job_software_engineer,Software Engineer,0112 687 916,,test.1773725275731@test.example.com,Jinasena_MasterData_Common.res_partner_test_1773725275731_emp_test_employee,,,,,,,,,,single,,,0,,,,other,,,,,0,employee,,,,1,,0.0,0.0,7eab99c1-8afb-4427-9983-a9aa83c7be45,,,0.0,0.0,0.0
hr_employee_test_1773725281350_emp_test_employee,base.main_company,[TEST-1773725281350]-EMP Test Employee,1,0,Jinasena_MasterData_HR.hr_job_software_engineer,Software Engineer,0112 687 916,,test.1773725281350@test.example.com,Jinasena_MasterData_Common.res_partner_test_1773725281350_emp_test_employee,,,,,,,,,,single,,,0,,,,other,,,,,0,employee,,,,1,,0.0,0.0,51f8e1ff-81b2-45d4-96ca-c02212e3af6f,,,0.0,0.0,0.0
hr_employee_test_1773725319191_emp_test_employee,base.main_company,[TEST-1773725319191]-EMP Test Employee,1,0,Jinasena_MasterData_HR.hr_job_software_engineer,Software Engineer,0112 687 916,,test.1773725319191@test.example.com,Jinasena_MasterData_Common.res_partner_test_1773725319191_emp_test_employee,,,,,,,,,,single,,,0,,,,other,,,,,0,employee,,,,1,,0.0,0.0,d6007ef9-93e3-4925-9906-63ed6e8812c1,,,0.0,0.0,0.0
hr_employee_test_1773725359342_emp_test_employee,base.main_company,[TEST-1773725359342]-EMP Test Employee,1,0,,,0112 687 916,,test.1773725359342@test.example.com,Jinasena_MasterData_Common.res_partner_test_1773725359342_emp_test_employee,,,,,,,,,,single,,,0,,,,other,,,,,0,employee,,,,1,,0.0,0.0,7e8652eb-c47d-4ad5-8c4a-6d7e49dec4d8,,,0.0,0.0,0.0
hr_employee_test_1773725359342_emp_test_employee_cop,base.main_company,[TEST-1773725359342]-EMP Test Employee (copy),1,0,,,0112 687 916,,,Jinasena_MasterData_Common.res_partner_test_1773725359342_emp_test_employee_cop,,,,,,,,,,single,,,0,,,,other,,,,,0,employee,,,,1,,0.0,0.0,15a252d5-bbb0-46ac-984f-5343e0d1131d,,,0.0,0.0,0.0
hr_employee_test_1773725398273_emp_test_employee,base.main_company,[TEST-1773725398273]-EMP Test Employee,1,0,,,0112 687 916,,test.1773725398273@test.example.com,Jinasena_MasterData_Common.res_partner_test_1773725398273_emp_test_employee,,,,,,,,,,single,,,0,,,,other,,,,,0,employee,,,,1,,0.0,0.0,d9d81d81-11b9-4c2a-9e13-e2cb83c1af03,,,0.0,0.0,0.0
hr_employee_test_1773725398273_emp_test_employee_cop,base.main_company,[TEST-1773725398273]-EMP Test Employee (copy),1,0,,,0112 687 916,,,Jinasena_MasterData_Common.res_partner_test_1773725398273_emp_test_employee_cop,,,,,,,,,,single,,,0,,,,other,,,,,0,employee,,,,1,,0.0,0.0,8c3ce56a-79a4-46d5-a38c-61e32f7b62ad,,,0.0,0.0,0.0
hr_employee_test_1773725457549_dupname_duplicate_emp,base.main_company,[TEST-1773725457549]-DUPNAME Duplicate Employee,1,0,Jinasena_MasterData_HR.hr_job_software_engineer,Software Engineer,0112 687 916,,test.1773725457549@test.example.com,Jinasena_MasterData_Common.res_partner_test_1773725457549_dupname_duplicate_emp_6885,,,,,,,,,,single,,,0,,,,other,,,,,0,employee,,,,1,,0.0,0.0,456ca799-4db5-44bd-b30a-fe9baedf026e,,,0.0,0.0,0.0
hr_employee_test_1773725457549_dupname_duplicate_emp_293,base.main_company,[TEST-1773725457549]-DUPNAME Duplicate Employee,1,0,Jinasena_MasterData_HR.hr_job_software_engineer,Software Engineer,0112 687 916,,test.1773725457549@test.example.com,Jinasena_MasterData_Common.res_partner_test_1773725457549_dupname_duplicate_emp_6884,,,,,,,,,,single,,,0,,,,other,,,,,0,employee,,,,1,,0.0,0.0,5df4771c-3ce4-40a7-ae8e-ae123bd8dcdd,,,0.0,0.0,0.0
hr_employee_test_1773725457549_dupname_duplicate_emp_295,base.main_company,[TEST-1773725457549]-DUPNAME Duplicate Employee,1,0,Jinasena_MasterData_HR.hr_job_software_engineer,Software Engineer,0112 687 916,,test.1773725457549@test.example.com,Jinasena_MasterData_Common.res_partner_test_1773725457549_dupname_duplicate_emp,,,,,,,,,,single,,,0,,,,other,,,,,0,employee,,,,1,,0.0,0.0,b1e2a7e5-448c-4271-a041-e5289ecf360e,,,0.0,0.0,0.0
hr_employee_test_1773725469356_dupname_duplicate_emp,base.main_company,[TEST-1773725469356]-DUPNAME Duplicate Employee,1,0,Jinasena_MasterData_HR.hr_job_software_engineer,Software Engineer,0112 687 916,,test.1773725469356@test.example.com,Jinasena_MasterData_Common.res_partner_test_1773725469356_dupname_duplicate_emp_6889,,,,,,,,,,single,,,0,,,,other,,,,,0,employee,,,,1,,0.0,0.0,3e7e1ca6-9bf6-4d9e-84c4-8f1efb28c4cc,,,0.0,0.0,0.0
hr_employee_test_1773725469356_dupname_duplicate_emp_299,base.main_company,[TEST-1773725469356]-DUPNAME Duplicate Employee,1,0,Jinasena_MasterData_HR.hr_job_software_engineer,Software Engineer,0112 687 916,,test.1773725469356@test.example.com,Jinasena_MasterData_Common.res_partner_test_1773725469356_dupname_duplicate_emp,,,,,,,,,,single,,,0,,,,other,,,,,0,employee,,,,1,,0.0,0.0,5ca70079-d811-4b1d-a6f7-0fce6e16940f,,,0.0,0.0,0.0
hr_employee_test_1773725469356_dupname_duplicate_emp_296,base.main_company,[TEST-1773725469356]-DUPNAME Duplicate Employee,1,0,Jinasena_MasterData_HR.hr_job_software_engineer,Software Engineer,0112 687 916,,test.1773725469356@test.example.com,Jinasena_MasterData_Common.res_partner_test_1773725469356_dupname_duplicate_emp_6887,,,,,,,,,,single,,,0,,,,other,,,,,0,employee,,,,1,,0.0,0.0,a8cb83ee-8aa9-4de3-85c4-1ffb7b97d4ec,,,0.0,0.0,0.0
hr_employee_test_1773725513412_inv_email_test,base.main_company,[TEST-1773725513412]-INV-EMAIL Test,1,0,,,0112 687 916,,not-a-valid-email,Jinasena_MasterData_Common.res_partner_test_1773725513412_inv_email_test,,,,,,,,,,single,,,0,,,,other,,,,,0,employee,,,,1,,0.0,0.0,5716214f-3313-4520-9972-5a0e40225b4b,,,0.0,0.0,0.0
hr_employee_test_1773725525732_inv_email_test,base.main_company,[TEST-1773725525732]-INV-EMAIL Test,1,0,,,0112 687 916,,not-a-valid-email,Jinasena_MasterData_Common.res_partner_test_1773725525732_inv_email_test,,,,,,,,,,single,,,0,,,,other,,,,,0,employee,,,,1,,0.0,0.0,9bffdcef-17d8-484d-9344-b2b5bdffa017,,,0.0,0.0,0.0
hr_employee_test_1773725536140_emp_test_employee,base.main_company,[TEST-1773725536140]-EMP Test Employee,1,0,,,0112 687 916,,test.1773725536140@test.example.com,Jinasena_MasterData_Common.res_partner_test_1773725536140_emp_test_employee,,,,,,,,,,single,,,0,,,,other,,,,,0,employee,,,,1,,0.0,0.0,2eea9e6a-b26d-4287-bcc8-63f3692ee79d,,,0.0,0.0,0.0
hr_employee_test_1773725572678_emp_test_employee,base.main_company,[TEST-1773725572678]-EMP Test Employee,1,0,Jinasena_MasterData_HR.hr_job_software_engineer,Software Engineer,0112 687 916,,test.1773725572678@test.example.com,Jinasena_MasterData_Common.res_partner_test_1773725572678_emp_test_employee,,,,,,,,,,single,,,0,,,,other,,,,,0,employee,,,,1,,0.0,0.0,cdd7a424-9442-4eb6-b3da-89a2ff45ae26,,,0.0,0.0,0.0
hr_employee_test_1773725610790_emp_test_employee,base.main_company,[TEST-1773725610790]-EMP Test Employee,1,0,Jinasena_MasterData_HR.hr_job_software_engineer,Software Engineer,0112 687 916,,test.1773725610790@test.example.com,Jinasena_MasterData_Common.res_partner_test_1773725610790_emp_test_employee,,,,,,,,,,single,,,0,,,,other,,,,,0,employee,,,,1,,0.0,0.0,a7265525-5b24-4cfb-b215-d785d58cb244,,,0.0,0.0,0.0
hr_employee_test_1773725615498_emp_test_employee,base.main_company,[TEST-1773725615498]-EMP Test Employee,1,0,,,0112 687 916,,test.1773725615498@test.example.com,Jinasena_MasterData_Common.res_partner_test_1773725615498_emp_test_employee,,,,,,,,,,single,,,0,,,,other,,,,,0,employee,,,,1,,0.0,0.0,0305a897-7a77-4792-9969-85c545adf7c9,,,0.0,0.0,0.0
hr_employee_test_1773725620215_longname_aaaaaaaaaaaa,base.main_company,[TEST-1773725620215]-LONGNAME-AAAAAAAAAAAAAAAAAAAAAAAAAAAAAAAAAAAAAAAAAAAAAAAAAAAAAAAAAAAAAAAAAAAAAAAAAAAAAAAAAAAAAAAAAAAAAAAAAAAAAAAAAAAAAAAAAAAAAAAAAAAAAAAAAAAAAAAAAAAAAAAAAAAAAAAAAAAAAAAAAAAAAAAAAAAAAAAAAAAAAAAAAAAAAAAAAAAAAAAAAAAAAAAAAAAAAAAAAAAAAAAAAAAAAAAAAAAAAAAA,1,0,,,0112 687 916,,,Jinasena_MasterData_Common.res_partner_test_1773725620215_longname_aaaaaaaaaaaa,,,,,,,,,,single,,,0,,,,other,,,,,0,employee,,,,1,,0.0,0.0,79b78a0a-e865-40e7-8e3e-e686258be880,,,0.0,0.0,0.0
hr_employee_test_1773725654127_special_o_brien,base.main_company,[TEST-1773725654127]-SPECIAL O'Brien,1,0,Jinasena_MasterData_HR.hr_job_software_engineer,Software Engineer,0112 687 916,,test.1773725654127@test.example.com,Jinasena_MasterData_Common.res_partner_test_1773725654127_special_o_brien,,,,,,,,,,single,,,0,,,,other,,,,,0,employee,,,,1,,0.0,0.0,63ad6fc2-95f6-42e4-bee6-05bb2971cabc,,,0.0,0.0,0.0
hr_employee_test_1773725658530_special_m_ller,base.main_company,[TEST-1773725658530]-SPECIAL Müller,1,0,,,0112 687 916,,test.1773725658530@test.example.com,Jinasena_MasterData_Common.res_partner_test_1773725658530_special_m_ller,,,,,,,,,,single,,,0,,,,other,,,,,0,employee,,,,1,,0.0,0.0,b0b49ff5-2bc5-4431-a907-008210568077,,,0.0,0.0,0.0
hr_employee_test_1773725662372_special,base.main_company,[TEST-1773725662372]-SPECIAL 李明,1,0,,,0112 687 916,,test.1773725662372@test.example.com,Jinasena_MasterData_Common.res_partner_test_1773725662372_special,,,,,,,,,,single,,,0,,,,other,,,,,0,employee,,,,1,,0.0,0.0,5731909f-d4b4-44f5-9421-6ce690ee5c54,,,0.0,0.0,0.0
hr_employee_test_1773725666766_xss_script_alert_1_sc,base.main_company,[TEST-1773725666766]-XSS <script>alert(1)</script>,1,0,,,0112 687 916,,test.1773725666766@test.example.com,Jinasena_MasterData_Common.res_partner_test_1773725666766_xss_script_alert_1_sc,,,,,,,,,,single,,,0,,,,other,,,,,0,employee,,,,1,,0.0,0.0,d8f7839e-b08c-40a2-8361-a4e3600037a9,,,0.0,0.0,0.0
hr_employee_test_1773725666766_xss_script_alert_1_sc_310,base.main_company,[TEST-1773725666766]-XSS <script>alert(1)</script>,1,0,,,0112 687 916,,test.1773725666766@test.example.com,Jinasena_MasterData_Common.res_partner_test_1773725666766_xss_script_alert_1_sc_6901,,,,,,,,,,single,,,0,,,,other,,,,,0,employee,,,,1,,0.0,0.0,034bb887-87c2-4d3a-8d58-4ffcf61c90c3,,,0.0,0.0,0.0
hr_employee_test_1773729658787_emp_test_employee,base.main_company,[TEST-1773729658787]-EMP Test Employee,1,0,Jinasena_MasterData_HR.hr_job_software_engineer,Software Engineer,0112 687 916,,test.1773729658787@test.example.com,Jinasena_MasterData_Common.res_partner_test_1773729658787_emp_test_employee,,,,,,,,,,single,,,0,,,,other,,,,,0,employee,,,,1,,0.0,0.0,d1831d77-f4d0-4ffb-a2fb-6a4dd4c20e9d,,,0.0,0.0,0.0
hr_employee_test_1773729665471_emp_test_employee,base.main_company,[TEST-1773729665471]-EMP Test Employee,1,0,,,0112 687 916,,test.1773729665471@test.example.com,Jinasena_MasterData_Common.res_partner_test_1773729665471_emp_test_employee,,,,,,,,,,single,,,0,,,,other,,,Test Contact,+1-555-0100,0,employee,,,,1,,0.0,0.0,9d84ca3c-f927-4887-a86d-45311a335f4d,,,0.0,0.0,0.0
hr_employee_test_1773729670461_emp_test_employee,base.main_company,[TEST-1773729670461]-EMP Test Employee,1,0,Jinasena_MasterData_HR.hr_job_software_engineer,Software Engineer,0112 687 916,,test.1773729670461@test.example.com,Jinasena_MasterData_Common.res_partner_test_1773729670461_emp_test_employee,,,,,,,,,,single,,,0,,,,other,,,,,0,employee,,1234,,1,,25.0,0.0,ca21e02d-78e5-4746-a8cc-41f49aed2f23,,,0.0,0.0,0.0
hr_employee_test_1773729675977_emp_test_employee,base.main_company,[TEST-1773729675977]-EMP Test Employee,1,0,Jinasena_MasterData_HR.hr_job_software_engineer,Software Engineer,0112 687 916,,test.1773729675977@test.example.com,Jinasena_MasterData_Common.res_partner_test_1773729675977_emp_test_employee,,,,,,,,,,single,,,0,,,,other,,,,,0,employee,,,,1,,0.0,0.0,4649bde3-498e-4dea-8a82-92a64a189928,,,0.0,0.0,0.0
hr_employee_test_1773729682006_emp_test_employee,base.main_company,[TEST-1773729682006]-EMP Test Employee,1,0,,,0112 687 916,,test.1773729682006@test.example.com,Jinasena_MasterData_Common.res_partner_test_1773729682006_emp_test_employee,,,,,,,,,,single,,,0,,,,other,,,,,0,employee,,,,1,,0.0,0.0,ccea6a0b-3e5c-4fcb-8e4c-1f23da9fd7eb,,,0.0,0.0,0.0
hr_employee_test_1773729719723_emp_test_employee,base.main_company,[TEST-1773729719723]-EMP Test Employee,1,0,Jinasena_MasterData_HR.hr_job_software_engineer,Software Engineer,0112 687 916,,test.1773729719723@test.example.com,Jinasena_MasterData_Common.res_partner_test_1773729719723_emp_test_employee,,,,,,,,,,single,,,0,,,,other,,,,,0,employee,,,,1,,0.0,0.0,c4238cf6-bd49-42e0-9b05-f33ad92a41ae,,,0.0,0.0,0.0
hr_employee_test_1773729759838_emp_test_employee,base.main_company,[TEST-1773729759838]-EMP Test Employee,1,0,Jinasena_MasterData_HR.hr_job_software_engineer,Software Engineer,0112 687 916,,test.1773729759838@test.example.com,Jinasena_MasterData_Common.res_partner_test_1773729759838_emp_test_employee,,,,,,,,,,single,,,0,,,,other,,,,,0,employee,,,,1,,0.0,0.0,42ad5807-9a6c-446b-a9ca-fc5cdebdd800,,,0.0,0.0,0.0
hr_employee_test_1773729759838_emp_test_employee_cop,base.main_company,[TEST-1773729759838]-EMP Test Employee (copy),1,0,Jinasena_MasterData_HR.hr_job_software_engineer,Software Engineer,0112 687 916,,,Jinasena_MasterData_Common.res_partner_test_1773729759838_emp_test_employee_cop,,,,,,,,,,single,,,0,,,,other,,,,,0,employee,,,,1,,0.0,0.0,921ad295-d902-4687-9d7d-a8256488f37f,,,0.0,0.0,0.0
hr_employee_test_1773729797657_emp_test_employee,base.main_company,[TEST-1773729797657]-EMP Test Employee,1,0,Jinasena_MasterData_HR.hr_job_software_engineer,Software Engineer,0112 687 916,,test.1773729797657@test.example.com,Jinasena_MasterData_Common.res_partner_test_1773729797657_emp_test_employee,,,,,,,,,,single,,,0,,,,other,,,,,0,employee,,,,1,,0.0,0.0,a9e3a2d0-eeb3-44ee-9eaf-2d196f691317,,,0.0,0.0,0.0
hr_employee_test_1773729797657_emp_test_employee_cop,base.main_company,[TEST-1773729797657]-EMP Test Employee (copy),1,0,Jinasena_MasterData_HR.hr_job_software_engineer,Software Engineer,0112 687 916,,,Jinasena_MasterData_Common.res_partner_test_1773729797657_emp_test_employee_cop,,,,,,,,,,single,,,0,,,,other,,,,,0,employee,,,,1,,0.0,0.0,245434b5-cf26-4255-b6b2-a9cc5c791a90,,,0.0,0.0,0.0
hr_employee_test_1773729853867_dupname_duplicate_emp,base.main_company,[TEST-1773729853867]-DUPNAME Duplicate Employee,1,0,,,0112 687 916,,test.1773729853867@test.example.com,Jinasena_MasterData_Common.res_partner_test_1773729853867_dupname_duplicate_emp_6913,,,,,,,,,,single,,,0,,,,other,,,,,0,employee,,,,1,,0.0,0.0,3d70b0f1-e26a-4938-b433-ebd7bbfff78e,,,0.0,0.0,0.0
hr_employee_test_1773729853867_dupname_duplicate_emp_323,base.main_company,[TEST-1773729853867]-DUPNAME Duplicate Employee,1,0,,,0112 687 916,,test.1773729853867@test.example.com,Jinasena_MasterData_Common.res_partner_test_1773729853867_dupname_duplicate_emp_6914,,,,,,,,,,single,,,0,,,,other,,,,,0,employee,,,,1,,0.0,0.0,87c40692-31a9-46fa-9383-9f21a110dc19,,,0.0,0.0,0.0
hr_employee_test_1773729853867_dupname_duplicate_emp_324,base.main_company,[TEST-1773729853867]-DUPNAME Duplicate Employee,1,0,,,0112 687 916,,test.1773729853867@test.example.com,Jinasena_MasterData_Common.res_partner_test_1773729853867_dupname_duplicate_emp,,,,,,,,,,single,,,0,,,,other,,,,,0,employee,,,,1,,0.0,0.0,14ba5c33-e4ac-48df-adbf-8ddb5ab234e5,,,0.0,0.0,0.0
hr_employee_test_1773729865540_dupname_duplicate_emp,base.main_company,[TEST-1773729865540]-DUPNAME Duplicate Employee,1,0,Jinasena_MasterData_HR.hr_job_software_engineer,Software Engineer,0112 687 916,,test.1773729865540@test.example.com,Jinasena_MasterData_Common.res_partner_test_1773729865540_dupname_duplicate_emp,,,,,,,,,,single,,,0,,,,other,,,,,0,employee,,,,1,,0.0,0.0,2bf9c470-b335-4a31-a271-ffa8d8bf9a7d,,,0.0,0.0,0.0
hr_employee_test_1773729865540_dupname_duplicate_emp_325,base.main_company,[TEST-1773729865540]-DUPNAME Duplicate Employee,1,0,Jinasena_MasterData_HR.hr_job_software_engineer,Software Engineer,0112 687 916,,test.1773729865540@test.example.com,Jinasena_MasterData_Common.res_partner_test_1773729865540_dupname_duplicate_emp_6916,,,,,,,,,,single,,,0,,,,other,,,,,0,employee,,,,1,,0.0,0.0,a10d9680-c17f-4f7a-b9a4-e618cc65559c,,,0.0,0.0,0.0
hr_employee_test_1773729865540_dupname_duplicate_emp_327,base.main_company,[TEST-1773729865540]-DUPNAME Duplicate Employee,1,0,Jinasena_MasterData_HR.hr_job_software_engineer,Software Engineer,0112 687 916,,test.1773729865540@test.example.com,Jinasena_MasterData_Common.res_partner_test_1773729865540_dupname_duplicate_emp_6918,,,,,,,,,,single,,,0,,,,other,,,,,0,employee,,,,1,,0.0,0.0,bf608881-5c0a-4b2d-84b9-d5f4f8d81043,,,0.0,0.0,0.0
hr_employee_test_1773729909101_inv_email_test,base.main_company,[TEST-1773729909101]-INV-EMAIL Test,1,0,,,0112 687 916,,not-a-valid-email,Jinasena_MasterData_Common.res_partner_test_1773729909101_inv_email_test,,,,,,,,,,single,,,0,,,,other,,,,,0,employee,,,,1,,0.0,0.0,4534d2a0-2fc5-40d1-94d1-485870ca7cdc,,,0.0,0.0,0.0
hr_employee_test_1773729921388_inv_email_test,base.main_company,[TEST-1773729921388]-INV-EMAIL Test,1,0,,,0112 687 916,,not-a-valid-email,Jinasena_MasterData_Common.res_partner_test_1773729921388_inv_email_test,,,,,,,,,,single,,,0,,,,other,,,,,0,employee,,,,1,,0.0,0.0,88ea05df-eba1-48b2-9558-a0026fe91421,,,0.0,0.0,0.0
hr_employee_test_1773729931673_emp_test_employee,base.main_company,[TEST-1773729931673]-EMP Test Employee,1,0,Jinasena_MasterData_HR.hr_job_software_engineer,Software Engineer,0112 687 916,,test.1773729931673@test.example.com,Jinasena_MasterData_Common.res_partner_test_1773729931673_emp_test_employee,,,,,,,,,,single,,,0,,,,other,,,,,0,employee,,,,1,,0.0,0.0,a6349fed-8741-43e6-8e5e-8fc2a5fdadb1,,,0.0,0.0,0.0
hr_employee_test_1773729968165_emp_test_employee,base.main_company,[TEST-1773729968165]-EMP Test Employee,1,0,Jinasena_MasterData_HR.hr_job_software_engineer,Software Engineer,0112 687 916,,test.1773729968165@test.example.com,Jinasena_MasterData_Common.res_partner_test_1773729968165_emp_test_employee,,,,,,,,,,single,,,0,,,,other,,,,,0,employee,,,,1,,0.0,0.0,954863aa-cdb4-4b39-b327-da7aa26c9dbb,,,0.0,0.0,0.0
hr_employee_test_1773730005496_emp_test_employee,base.main_company,[TEST-1773730005496]-EMP Test Employee,1,0,,,0112 687 916,,test.1773730005496@test.example.com,Jinasena_MasterData_Common.res_partner_test_1773730005496_emp_test_employee,,,,,,,,,,single,,,0,,,,other,,,,,0,employee,,,,1,,0.0,0.0,949d8352-14c9-44a7-8ea9-a70e9973d82f,,,0.0,0.0,0.0
hr_employee_test_1773730010651_emp_test_employee,base.main_company,[TEST-1773730010651]-EMP Test Employee,1,0,Jinasena_MasterData_HR.hr_job_software_engineer,Software Engineer,0112 687 916,,test.1773730010651@test.example.com,Jinasena_MasterData_Common.res_partner_test_1773730010651_emp_test_employee,,,,,,,,,,single,,,0,,,,other,,,,,0,employee,,,,1,,0.0,0.0,ae5683a6-cb03-4dce-9568-5f1f7e268ebe,,,0.0,0.0,0.0
hr_employee_test_1773730015808_longname_aaaaaaaaaaaa,base.main_company,[TEST-1773730015808]-LONGNAME-AAAAAAAAAAAAAAAAAAAAAAAAAAAAAAAAAAAAAAAAAAAAAAAAAAAAAAAAAAAAAAAAAAAAAAAAAAAAAAAAAAAAAAAAAAAAAAAAAAAAAAAAAAAAAAAAAAAAAAAAAAAAAAAAAAAAAAAAAAAAAAAAAAAAAAAAAAAAAAAAAAAAAAAAAAAAAAAAAAAAAAAAAAAAAAAAAAAAAAAAAAAAAAAAAAAAAAAAAAAAAAAAAAAAAAAAAAAAAAAA,1,0,,,0112 687 916,,,Jinasena_MasterData_Common.res_partner_test_1773730015808_longname_aaaaaaaaaaaa,,,,,,,,,,single,,,0,,,,other,,,,,0,employee,,,,1,,0.0,0.0,f735d461-6b54-42d6-9b37-fa7031429199,,,0.0,0.0,0.0
hr_employee_test_1773730049669_special_o_brien,base.main_company,[TEST-1773730049669]-SPECIAL O'Brien,1,0,Jinasena_MasterData_HR.hr_job_software_engineer,Software Engineer,0112 687 916,,test.1773730049669@test.example.com,Jinasena_MasterData_Common.res_partner_test_1773730049669_special_o_brien,,,,,,,,,,single,,,0,,,,other,,,,,0,employee,,,,1,,0.0,0.0,017ea7ad-002e-4d18-b3b0-655999778316,,,0.0,0.0,0.0
hr_employee_test_1773730055003_special_m_ller,base.main_company,[TEST-1773730055003]-SPECIAL Müller,1,0,Jinasena_MasterData_HR.hr_job_software_engineer,Software Engineer,0112 687 916,,test.1773730055003@test.example.com,Jinasena_MasterData_Common.res_partner_test_1773730055003_special_m_ller,,,,,,,,,,single,,,0,,,,other,,,,,0,employee,,,,1,,0.0,0.0,1a564c11-2135-4a7a-905f-7abfc173cff8,,,0.0,0.0,0.0
hr_employee_test_1773730059263_special,base.main_company,[TEST-1773730059263]-SPECIAL 李明,1,0,Jinasena_MasterData_HR.hr_job_software_engineer,Software Engineer,0112 687 916,,test.1773730059263@test.example.com,Jinasena_MasterData_Common.res_partner_test_1773730059263_special,,,,,,,,,,single,,,0,,,,other,,,,,0,employee,,,,1,,0.0,0.0,36dc9644-08d0-4965-a71b-083c79f1f6f9,,,0.0,0.0,0.0
hr_employee_test_1773730063423_xss_script_alert_1_sc,base.main_company,[TEST-1773730063423]-XSS <script>alert(1)</script>,1,0,,,0112 687 916,,test.1773730063423@test.example.com,Jinasena_MasterData_Common.res_partner_test_1773730063423_xss_script_alert_1_sc,,,,,,,,,,single,,,0,,,,other,,,,,0,employee,,,,1,,0.0,0.0,713a69f3-3588-4555-ac44-983e49e789fe,,,0.0,0.0,0.0
hr_employee_test_1773730063423_xss_script_alert_1_sc_339,base.main_company,[TEST-1773730063423]-XSS <script>alert(1)</script>,1,0,,,0112 687 916,,test.1773730063423@test.example.com,Jinasena_MasterData_Common.res_partner_test_1773730063423_xss_script_alert_1_sc_6930,,,,,,,,,,single,,,0,,,,other,,,,,0,employee,,,,1,,0.0,0.0,79c9139d-e1b6-4e8c-b68e-cc00c3d3bf8e,,,0.0,0.0,0.0
hr_employee_test_1773733047960_emp_test_employee,base.main_company,[TEST-1773733047960]-EMP Test Employee,1,0,,,0112 687 916,,test.1773733047960@test.example.com,Jinasena_MasterData_Common.res_partner_test_1773733047960_emp_test_employee,,,,,,,,,,single,,,0,,,,other,,,,,0,employee,,,,1,,0.0,0.0,88036dd9-a39c-46b1-bd2c-6f42951e5b8b,,,0.0,0.0,0.0
hr_employee_test_1773733085922_emp_test_employee,base.main_company,[TEST-1773733085922]-EMP Test Employee,1,0,Jinasena_MasterData_HR.hr_job_software_engineer,Software Engineer,0112 687 916,,test.1773733085922@test.example.com,Jinasena_MasterData_Common.res_partner_test_1773733085922_emp_test_employee,,,,,,,,,,single,,,0,,,,other,,,,,0,employee,,,,1,,0.0,0.0,e07b458f-fbb6-4b9f-8dcc-ac12a754ba80,,,0.0,0.0,0.0
hr_employee_test_1773733124300_emp_test_employee,base.main_company,[TEST-1773733124300]-EMP Test Employee,1,0,Jinasena_MasterData_HR.hr_job_software_engineer,Software Engineer,0112 687 916,,test.1773733124300@test.example.com,Jinasena_MasterData_Common.res_partner_test_1773733124300_emp_test_employee,,,,,,,,,,single,,,0,,,,other,,,,,0,employee,,,,1,,0.0,0.0,185c0fae-592d-4da1-8ba0-f972e632785b,,,0.0,0.0,0.0
hr_employee_test_1773733124300_emp_test_employee_cop,base.main_company,[TEST-1773733124300]-EMP Test Employee (copy),1,0,Jinasena_MasterData_HR.hr_job_software_engineer,Software Engineer,0112 687 916,,,Jinasena_MasterData_Common.res_partner_test_1773733124300_emp_test_employee_cop,,,,,,,,,,single,,,0,,,,other,,,,,0,employee,,,,1,,0.0,0.0,0bf23d19-387e-4483-887b-aee477efbb30,,,0.0,0.0,0.0
hr_employee_test_1773733162652_emp_test_employee,base.main_company,[TEST-1773733162652]-EMP Test Employee,1,0,,,0112 687 916,,test.1773733162652@test.example.com,Jinasena_MasterData_Common.res_partner_test_1773733162652_emp_test_employee,,,,,,,,,,single,,,0,,,,other,,,,,0,employee,,,,1,,0.0,0.0,884b57d7-00a9-4596-850b-23b6e4a06907,,,0.0,0.0,0.0
hr_employee_test_1773733162652_emp_test_employee_cop,base.main_company,[TEST-1773733162652]-EMP Test Employee (copy),1,0,,,0112 687 916,,,Jinasena_MasterData_Common.res_partner_test_1773733162652_emp_test_employee_cop,,,,,,,,,,single,,,0,,,,other,,,,,0,employee,,,,1,,0.0,0.0,5b51aa38-2f6f-4c36-87cf-06e404248941,,,0.0,0.0,0.0
hr_employee_test_1773733242520_emp_test_employee,base.main_company,[TEST-1773733242520]-EMP Test Employee,1,0,,,0112 687 916,,test.1773733242520@test.example.com,Jinasena_MasterData_Common.res_partner_test_1773733242520_emp_test_employee,,,,,,,,,,single,,,0,,,,other,,,,,0,employee,,,,1,,0.0,0.0,51be0224-059f-4062-b16f-36b79c97fe16,,,0.0,0.0,0.0
hr_employee_test_1773733281293_emp_test_employee,base.main_company,[TEST-1773733281293]-EMP Test Employee,1,0,,,0112 687 916,,test.1773733281293@test.example.com,Jinasena_MasterData_Common.res_partner_test_1773733281293_emp_test_employee,,,,,,,,,,single,,,0,,,,other,,,,,0,employee,,,,1,,0.0,0.0,2535eda0-c39a-45f2-8a76-8a553800b732,,,0.0,0.0,0.0
hr_employee_test_1773733319979_emp_test_employee,base.main_company,[TEST-1773733319979]-EMP Test Employee,1,0,,,0112 687 916,,test.1773733319979@test.example.com,Jinasena_MasterData_Common.res_partner_test_1773733319979_emp_test_employee,,,,,,,,,,single,,,0,,,,other,,,,,0,employee,,,,1,,0.0,0.0,5b19ed62-59cc-4d60-be3a-2861c3d3ef0f,,,0.0,0.0,0.0
hr_employee_test_1773733319979_emp_test_employee_cop,base.main_company,[TEST-1773733319979]-EMP Test Employee (copy),1,0,,,0112 687 916,,,Jinasena_MasterData_Common.res_partner_test_1773733319979_emp_test_employee_cop,,,,,,,,,,single,,,0,,,,other,,,,,0,employee,,,,1,,0.0,0.0,35f5d969-581f-4f6a-b68f-acce6793a871,,,0.0,0.0,0.0
hr_employee_test_1773733357347_emp_test_employee,base.main_company,[TEST-1773733357347]-EMP Test Employee,1,0,Jinasena_MasterData_HR.hr_job_software_engineer,Software Engineer,0112 687 916,,test.1773733357347@test.example.com,Jinasena_MasterData_Common.res_partner_test_1773733357347_emp_test_employee,,,,,,,,,,single,,,0,,,,other,,,,,0,employee,,,,1,,0.0,0.0,3490fa82-ea26-454d-a9b5-ae4e467198d8,,,0.0,0.0,0.0
hr_employee_test_1773733357347_emp_test_employee_cop,base.main_company,[TEST-1773733357347]-EMP Test Employee (copy),1,0,Jinasena_MasterData_HR.hr_job_software_engineer,Software Engineer,0112 687 916,,,Jinasena_MasterData_Common.res_partner_test_1773733357347_emp_test_employee_cop,,,,,,,,,,single,,,0,,,,other,,,,,0,employee,,,,1,,0.0,0.0,811297a7-9f81-46b7-b83b-d7900f571443,,,0.0,0.0,0.0
hr_employee_test_1773733711280_emp_test_employee,base.main_company,[TEST-1773733711280]-EMP Test Employee,1,0,Jinasena_MasterData_HR.hr_job_software_engineer,Software Engineer,0112 687 916,,test.1773733711280@test.example.com,Jinasena_MasterData_Common.res_partner_test_1773733711280_emp_test_employee,,,,,,,,,,single,,,0,,,,other,,,,,0,employee,,,,1,,0.0,0.0,c4d779f1-7e3f-4bf5-b3c7-8bdcbb0ce94e,,,0.0,0.0,0.0
hr_employee_test_1773733749714_emp_test_employee,base.main_company,[TEST-1773733749714]-EMP Test Employee,1,0,Jinasena_MasterData_HR.hr_job_software_engineer,Software Engineer,0112 687 916,,test.1773733749714@test.example.com,Jinasena_MasterData_Common.res_partner_test_1773733749714_emp_test_employee,,,,,,,,,,single,,,0,,,,other,,,,,0,employee,,,,1,,0.0,0.0,7b11f38c-0de2-4d64-8e97-8beac11484d3,,,0.0,0.0,0.0
hr_employee_test_1773733788432_emp_test_employee,base.main_company,[TEST-1773733788432]-EMP Test Employee,1,0,Jinasena_MasterData_HR.hr_job_software_engineer,Software Engineer,0112 687 916,,test.1773733788432@test.example.com,Jinasena_MasterData_Common.res_partner_test_1773733788432_emp_test_employee,,,,,,,,,,single,,,0,,,,other,,,,,0,employee,,,,1,,0.0,0.0,6a937e75-8293-4e83-a64f-67bdc85e0717,,,0.0,0.0,0.0
hr_employee_test_1773733788432_emp_test_employee_cop,base.main_company,[TEST-1773733788432]-EMP Test Employee (copy),1,0,Jinasena_MasterData_HR.hr_job_software_engineer,Software Engineer,0112 687 916,,,Jinasena_MasterData_Common.res_partner_test_1773733788432_emp_test_employee_cop,,,,,,,,,,single,,,0,,,,other,,,,,0,employee,,,,1,,0.0,0.0,e1f8e4d2-5d10-4b8d-a548-362d549eabce,,,0.0,0.0,0.0
hr_employee_test_1773733827409_emp_test_employee,base.main_company,[TEST-1773733827409]-EMP Test Employee,1,0,Jinasena_MasterData_HR.hr_job_software_engineer,Software Engineer,0112 687 916,,test.1773733827409@test.example.com,Jinasena_MasterData_Common.res_partner_test_1773733827409_emp_test_employee,,,,,,,,,,single,,,0,,,,other,,,,,0,employee,,,,1,,0.0,0.0,1ab1bb6f-7c88-4fef-87cf-438cd2b70ab4,,,0.0,0.0,0.0
hr_employee_test_1773733827409_emp_test_employee_cop,base.main_company,[TEST-1773733827409]-EMP Test Employee (copy),1,0,Jinasena_MasterData_HR.hr_job_software_engineer,Software Engineer,0112 687 916,,,Jinasena_MasterData_Common.res_partner_test_1773733827409_emp_test_employee_cop,,,,,,,,,,single,,,0,,,,other,,,,,0,employee,,,,1,,0.0,0.0,09cca40a-262b-4644-b7c6-f845ed0b9163,,,0.0,0.0,0.0
hr_employee_test_1773734124132_emp_test_employee,base.main_company,[TEST-1773734124132]-EMP Test Employee,1,0,,,0112 687 916,,test.1773734124132@test.example.com,Jinasena_MasterData_Common.res_partner_test_1773734124132_emp_test_employee,,,,,,,,,,single,,,0,,,,other,,,,,0,employee,,,,1,,0.0,0.0,d122d3f2-455e-4b2b-a488-5250b1457358,,,0.0,0.0,0.0
hr_employee_test_1773734162530_emp_test_employee,base.main_company,[TEST-1773734162530]-EMP Test Employee,1,0,Jinasena_MasterData_HR.hr_job_software_engineer,Software Engineer,0112 687 916,,test.1773734162530@test.example.com,Jinasena_MasterData_Common.res_partner_test_1773734162530_emp_test_employee,,,,,,,,,,single,,,0,,,,other,,,,,0,employee,,,,1,,0.0,0.0,45268143-eab5-4949-8ced-846e1e6523bc,,,0.0,0.0,0.0
hr_employee_test_1773734201191_emp_test_employee,base.main_company,[TEST-1773734201191]-EMP Test Employee,1,0,Jinasena_MasterData_HR.hr_job_software_engineer,Software Engineer,0112 687 916,,test.1773734201191@test.example.com,Jinasena_MasterData_Common.res_partner_test_1773734201191_emp_test_employee,,,,,,,,,,single,,,0,,,,other,,,,,0,employee,,,,1,,0.0,0.0,82372016-2886-4931-bf69-6e1f502fa4d2,,,0.0,0.0,0.0
hr_employee_test_1773734201191_emp_test_employee_cop,base.main_company,[TEST-1773734201191]-EMP Test Employee (copy),1,0,Jinasena_MasterData_HR.hr_job_software_engineer,Software Engineer,0112 687 916,,,Jinasena_MasterData_Common.res_partner_test_1773734201191_emp_test_employee_cop,,,,,,,,,,single,,,0,,,,other,,,,,0,employee,,,,1,,0.0,0.0,7330f0c7-fa9a-48ec-a4f6-0316378815a4,,,0.0,0.0,0.0
hr_employee_test_1773734239605_emp_test_employee,base.main_company,[TEST-1773734239605]-EMP Test Employee,1,0,Jinasena_MasterData_HR.hr_job_software_engineer,Software Engineer,0112 687 916,,test.1773734239605@test.example.com,Jinasena_MasterData_Common.res_partner_test_1773734239605_emp_test_employee,,,,,,,,,,single,,,0,,,,other,,,,,0,employee,,,,1,,0.0,0.0,76121203-ac6e-4eb5-b662-eaa5ffa07c82,,,0.0,0.0,0.0
hr_employee_test_1773734239605_emp_test_employee_cop,base.main_company,[TEST-1773734239605]-EMP Test Employee (copy),1,0,Jinasena_MasterData_HR.hr_job_software_engineer,Software Engineer,0112 687 916,,,Jinasena_MasterData_Common.res_partner_test_1773734239605_emp_test_employee_cop,,,,,,,,,,single,,,0,,,,other,,,,,0,employee,,,,1,,0.0,0.0,bfa19422-3dad-40b4-9cc9-bd99cbb135b5,,,0.0,0.0,0.0
hr_employee_test_1773734508179_emp_test_employee,base.main_company,[TEST-1773734508179]-EMP Test Employee,1,0,,,0112 687 916,,test.1773734508179@test.example.com,Jinasena_MasterData_Common.res_partner_test_1773734508179_emp_test_employee,,,,,,,,,,single,,,0,,,,other,,,,,0,employee,,,,1,,0.0,0.0,c90bcb34-1479-4ef2-b744-7361b895f602,,,0.0,0.0,0.0
hr_employee_test_1773734547571_emp_test_employee,base.main_company,[TEST-1773734547571]-EMP Test Employee,1,0,,,0112 687 916,,test.1773734547571@test.example.com,Jinasena_MasterData_Common.res_partner_test_1773734547571_emp_test_employee,,,,,,,,,,single,,,0,,,,other,,,,,0,employee,,,,1,,0.0,0.0,20abab86-bfca-4afb-9d33-1e71867b7f29,,,0.0,0.0,0.0
hr_employee_test_1773734587024_emp_test_employee,base.main_company,[TEST-1773734587024]-EMP Test Employee,1,0,Jinasena_MasterData_HR.hr_job_software_engineer,Software Engineer,0112 687 916,,test.1773734587024@test.example.com,Jinasena_MasterData_Common.res_partner_test_1773734587024_emp_test_employee,,,,,,,,,,single,,,0,,,,other,,,,,0,employee,,,,1,,0.0,0.0,be1c1a7a-e3b9-45c3-ac26-3126d149d0ac,,,0.0,0.0,0.0
hr_employee_test_1773734587024_emp_test_employee_cop,base.main_company,[TEST-1773734587024]-EMP Test Employee (copy),1,0,Jinasena_MasterData_HR.hr_job_software_engineer,Software Engineer,0112 687 916,,,Jinasena_MasterData_Common.res_partner_test_1773734587024_emp_test_employee_cop,,,,,,,,,,single,,,0,,,,other,,,,,0,employee,,,,1,,0.0,0.0,f8fe8af5-132d-4713-95a3-d7b31ae445a7,,,0.0,0.0,0.0
hr_employee_test_1773734604993_emp_test_employee,base.main_company,[TEST-1773734604993]-EMP Test Employee,1,0,Jinasena_MasterData_HR.hr_job_software_engineer,Software Engineer,0112 687 916,,test.1773734604993@test.example.com,Jinasena_MasterData_Common.res_partner_test_1773734604993_emp_test_employee,,,,,,,,,,single,,,0,,,,other,,,,,0,employee,,,,1,,0.0,0.0,ec4f5bf6-9a19-48d4-a901-29f90e62beff,,,0.0,0.0,0.0
hr_employee_test_1773734604993_emp_test_employee_cop,base.main_company,[TEST-1773734604993]-EMP Test Employee (copy),1,0,Jinasena_MasterData_HR.hr_job_software_engineer,Software Engineer,0112 687 916,,,Jinasena_MasterData_Common.res_partner_test_1773734604993_emp_test_employee_cop,,,,,,,,,,single,,,0,,,,other,,,,,0,employee,,,,1,,0.0,0.0,cd4232a8-1f2e-4b86-92f5-5d19f4979f91,,,0.0,0.0,0.0
hr_employee_test_1773734934608_emp_test_employee,base.main_company,[TEST-1773734934608]-EMP Test Employee,1,0,Jinasena_MasterData_HR.hr_job_software_engineer,Software Engineer,0112 687 916,,test.1773734934608@test.example.com,Jinasena_MasterData_Common.res_partner_test_1773734934608_emp_test_employee,,,,,,,,,,single,,,0,,,,other,,,,,0,employee,,,,1,,0.0,0.0,dddeb6a7-6d09-4a63-b57f-767472a01c15,,,0.0,0.0,0.0
hr_employee_test_1773734973366_emp_test_employee,base.main_company,[TEST-1773734973366]-EMP Test Employee,1,0,Jinasena_MasterData_HR.hr_job_software_engineer,Software Engineer,0112 687 916,,test.1773734973366@test.example.com,Jinasena_MasterData_Common.res_partner_test_1773734973366_emp_test_employee,,,,,,,,,,single,,,0,,,,other,,,,,0,employee,,,,1,,0.0,0.0,6d78c6c5-5f42-4f9c-ba7f-8b2fe52e97e4,,,0.0,0.0,0.0
hr_employee_test_1773735012853_emp_test_employee,base.main_company,[TEST-1773735012853]-EMP Test Employee,1,0,Jinasena_MasterData_HR.hr_job_software_engineer,Software Engineer,0112 687 916,,test.1773735012853@test.example.com,Jinasena_MasterData_Common.res_partner_test_1773735012853_emp_test_employee,,,,,,,,,,single,,,0,,,,other,,,,,0,employee,,,,1,,0.0,0.0,483124bc-e6c5-4d2f-b3c1-b72f8724cd55,,,0.0,0.0,0.0
hr_employee_test_1773735012853_emp_test_employee_cop,base.main_company,[TEST-1773735012853]-EMP Test Employee (copy),1,0,Jinasena_MasterData_HR.hr_job_software_engineer,Software Engineer,0112 687 916,,,Jinasena_MasterData_Common.res_partner_test_1773735012853_emp_test_employee_cop,,,,,,,,,,single,,,0,,,,other,,,,,0,employee,,,,1,,0.0,0.0,1a22fb83-62a0-4a97-89e6-384bdcb4fd9a,,,0.0,0.0,0.0
hr_employee_test_1773735124481_emp_test_employee,base.main_company,[TEST-1773735124481]-EMP Test Employee,1,0,,,0112 687 916,,test.1773735124481@test.example.com,Jinasena_MasterData_Common.res_partner_test_1773735124481_emp_test_employee,,,,,,,,,,single,,,0,,,,other,,,,,0,employee,,,,1,,0.0,0.0,b7136acc-0ab0-4c4b-bcc4-ac4dcebe81c1,,,0.0,0.0,0.0
hr_employee_test_1773735168188_emp_test_employee,base.main_company,[TEST-1773735168188]-EMP Test Employee,1,0,,,0112 687 916,,test.1773735168188@test.example.com,Jinasena_MasterData_Common.res_partner_test_1773735168188_emp_test_employee,,,,,,,,,,single,,,0,,,,other,,,,,0,employee,,,,1,,0.0,0.0,fbe77696-bf4a-4383-91c6-2a7c8270791b,,,0.0,0.0,0.0
hr_employee_test_1773735303435_emp_test_employee,base.main_company,[TEST-1773735303435]-EMP Test Employee,1,0,,,0112 687 916,,test.1773735303435@test.example.com,Jinasena_MasterData_Common.res_partner_test_1773735303435_emp_test_employee,,,,,,,,,,single,,,0,,,,other,,,,,0,employee,,,,1,,0.0,0.0,2017680f-6d21-4ad3-aa95-f1389855495e,,,0.0,0.0,0.0
hr_employee_test_1773735342673_emp_test_employee,base.main_company,[TEST-1773735342673]-EMP Test Employee,1,0,,,0112 687 916,,test.1773735342673@test.example.com,Jinasena_MasterData_Common.res_partner_test_1773735342673_emp_test_employee,,,,,,,,,,single,,,0,,,,other,,,,,0,employee,,,,1,,0.0,0.0,42d302b1-e0f4-4a11-aeee-1e3d0b17b0e8,,,0.0,0.0,0.0
hr_employee_test_1773735659547_emp_test_employee,base.main_company,[TEST-1773735659547]-EMP Test Employee,1,0,,,0112 687 916,,test.1773735659547@test.example.com,Jinasena_MasterData_Common.res_partner_test_1773735659547_emp_test_employee,,,,,,,,,,single,,,0,,,,other,,,,,0,employee,,,,1,,0.0,0.0,65b9d7e0-6f49-4f1b-80a9-60f2a460a2dd,,,0.0,0.0,0.0
hr_employee_test_1773735670227_emp_test_employee,base.main_company,[TEST-1773735670227]-EMP Test Employee,1,0,,,0112 687 916,,test.1773735670227@test.example.com,Jinasena_MasterData_Common.res_partner_test_1773735670227_emp_test_employee,,,,,,,,,,single,,,0,,,,other,,,,,0,employee,,,,1,,0.0,0.0,05e74fc6-af18-4180-b7c7-78af258a0cf8,,,0.0,0.0,0.0
hr_employee_test_1773735713181_emp_test_employee,base.main_company,[TEST-1773735713181]-EMP Test Employee,1,0,Jinasena_MasterData_HR.hr_job_software_engineer,Software Engineer,0112 687 916,,test.1773735713181@test.example.com,Jinasena_MasterData_Common.res_partner_test_1773735713181_emp_test_employee,,,,,,,,,,single,,,0,,,,other,,,,,0,employee,,,,1,,0.0,0.0,515d032b-ead9-4d75-9d72-41b757b94001,,,0.0,0.0,0.0
hr_employee_test_1773806486569_emp_test_employee,base.main_company,[TEST-1773806486569]-EMP Test Employee,1,0,Jinasena_MasterData_HR.hr_job_software_engineer,Software Engineer,0112 687 916,,test.1773806486569@test.example.com,Jinasena_MasterData_Common.res_partner_test_1773806486569_emp_test_employee,,,,,,,,,,single,,,0,,,,other,,,,,0,employee,,,,1,,0.0,0.0,b65bccd8-222b-4082-b58f-a065209eed48,,,0.0,0.0,0.0
hr_employee_test_1773806530506_emp_test_employee,base.main_company,[TEST-1773806530506]-EMP Test Employee,1,0,Jinasena_MasterData_HR.hr_job_software_engineer,Software Engineer,0112 687 916,,test.1773806530506@test.example.com,Jinasena_MasterData_Common.res_partner_test_1773806530506_emp_test_employee,,,,,,,,,,single,,,0,,,,other,,,,,0,employee,,,,1,,0.0,0.0,272574ca-e7a4-4051-979b-74de4cd721a8,,,0.0,0.0,0.0
hr_employee_test_1773806703727_emp_test_employee,base.main_company,[TEST-1773806703727]-EMP Test Employee,1,0,Jinasena_MasterData_HR.hr_job_software_engineer,Software Engineer,0112 687 916,,test.1773806703727@test.example.com,Jinasena_MasterData_Common.res_partner_test_1773806703727_emp_test_employee,,,,,,,,,,single,,,0,,,,other,,,,,0,employee,,,,1,,0.0,0.0,5dd60007-7f29-4678-b855-82b0b51dad2c,,,0.0,0.0,0.0
hr_employee_test_1773806747624_emp_test_employee,base.main_company,[TEST-1773806747624]-EMP Test Employee,1,0,Jinasena_MasterData_HR.hr_job_software_engineer,Software Engineer,0112 687 916,,test.1773806747624@test.example.com,Jinasena_MasterData_Common.res_partner_test_1773806747624_emp_test_employee,,,,,,,,,,single,,,0,,,,other,,,,,0,employee,,,,1,,0.0,0.0,b7a1d24c-275c-45d4-b04d-6d8fc659a05b,,,0.0,0.0,0.0
hr_employee_test_1773806986830_emp_test_employee,base.main_company,[TEST-1773806986830]-EMP Test Employee,1,0,Jinasena_MasterData_HR.hr_job_software_engineer,Software Engineer,0112 687 916,,test.1773806986830@test.example.com,Jinasena_MasterData_Common.res_partner_test_1773806986830_emp_test_employee,,,,,,,,,,single,,,0,,,,other,,,,,0,employee,,,,1,,0.0,0.0,4dadd47e-1125-4918-87b8-d7ee2f49b424,,,0.0,0.0,0.0
hr_employee_test_1773807026912_emp_test_employee,base.main_company,[TEST-1773807026912]-EMP Test Employee,1,0,Jinasena_MasterData_HR.hr_job_software_engineer,Software Engineer,0112 687 916,,test.1773807026912@test.example.com,Jinasena_MasterData_Common.res_partner_test_1773807026912_emp_test_employee,,,,,,,,,,single,,,0,,,,other,,,,,0,employee,,,,1,,0.0,0.0,6ec45726-ae14-462b-960f-d03ee6503661,,,0.0,0.0,0.0
hr_employee_test_1773807149157_emp_test_employee,base.main_company,[TEST-1773807149157]-EMP Test Employee,1,0,Jinasena_MasterData_HR.hr_job_software_engineer,Software Engineer,0112 687 916,,test.1773807149157@test.example.com,Jinasena_MasterData_Common.res_partner_test_1773807149157_emp_test_employee,,,,,,,,,,single,,,0,,,,other,,,,,0,employee,,,,1,,0.0,0.0,2649b11e-2e22-40f5-a668-05ed3b9f5921,,,0.0,0.0,0.0
hr_employee_test_1773807189014_emp_test_employee,base.main_company,[TEST-1773807189014]-EMP Test Employee,1,0,Jinasena_MasterData_HR.hr_job_software_engineer,Software Engineer,0112 687 916,,test.1773807189014@test.example.com,Jinasena_MasterData_Common.res_partner_test_1773807189014_emp_test_employee,,,,,,,,,,single,,,0,,,,other,,,,,0,employee,,,,1,,0.0,0.0,1b0af6a4-f5eb-418f-8f61-9c704422221b,,,0.0,0.0,0.0
hr_employee_test_1773815723774_emp_test_employee,base.main_company,[TEST-1773815723774]-EMP Test Employee,1,0,Jinasena_MasterData_HR.hr_job_software_engineer,Software Engineer,0112 687 916,,test.1773815723774@test.example.com,Jinasena_MasterData_Common.res_partner_test_1773815723774_emp_test_employee,,,,,,,,,,single,,,0,,,,other,,,,,0,employee,,,,1,,0.0,0.0,a38d6a40-cd33-46a5-9d6e-475ef2c7220c,,,0.0,0.0,0.0
hr_employee_test_1773815986369_emp_test_employee,base.main_company,[TEST-1773815986369]-EMP Test Employee,1,0,,,0112 687 916,,test.1773815986369@test.example.com,Jinasena_MasterData_Common.res_partner_test_1773815986369_emp_test_employee,,,,,,,,,,single,,,0,,,,other,,,,,0,employee,,,,1,,0.0,0.0,374d45fb-c8e8-4319-90cb-be3adb3564c5,,,0.0,0.0,0.0
hr_employee_test_1773816034767_emp_test_employee,base.main_company,[TEST-1773816034767]-EMP Test Employee,1,0,,,0112 687 916,,test.1773816034767@test.example.com,Jinasena_MasterData_Common.res_partner_test_1773816034767_emp_test_employee,,,,,,,,,,single,,,0,,,,other,,,,,0,employee,,,,1,,0.0,0.0,fece9d8d-0e2d-447b-bac6-d3c2f3cf606b,,,0.0,0.0,0.0
hr_employee_test_1773816185455_emp_test_employee,base.main_company,[TEST-1773816185455]-EMP Test Employee,1,0,Jinasena_MasterData_HR.hr_job_software_engineer,Software Engineer,0112 687 916,,test.1773816185455@test.example.com,Jinasena_MasterData_Common.res_partner_test_1773816185455_emp_test_employee,,,,,,,,,,single,,,0,,,,other,,,,,0,employee,,,,1,,0.0,0.0,69282dad-39ab-4c67-bb46-3f1773cd0eab,,,0.0,0.0,0.0
hr_employee_test_1773816573235_emp_test_employee,base.main_company,[TEST-1773816573235]-EMP Test Employee,1,0,,,0112 687 916,,test.1773816573235@test.example.com,Jinasena_MasterData_Common.res_partner_test_1773816573235_emp_test_employee,,,,,,,,,,single,,,0,,,,other,,,,,0,employee,,,,1,,0.0,0.0,4ac6f17f-6a10-4443-b163-c34203fe6f05,,,0.0,0.0,0.0
hr_employee_test_1773816767581_emp_test_employee,base.main_company,[TEST-1773816767581]-EMP Test Employee,1,0,,,0112 687 916,,test.1773816767581@test.example.com,Jinasena_MasterData_Common.res_partner_test_1773816767581_emp_test_employee,,,,,,,,,,single,,,0,,,,other,,,,,0,employee,,,,1,,0.0,0.0,baa89328-c8ec-40c2-9ece-6b316d352c2b,,,0.0,0.0,0.0
hr_employee_test_1773816905156_emp_test_employee,base.main_company,[TEST-1773816905156]-EMP Test Employee,1,0,Jinasena_MasterData_HR.hr_job_software_engineer,Software Engineer,0112 687 916,,test.1773816905156@test.example.com,Jinasena_MasterData_Common.res_partner_test_1773816905156_emp_test_employee,,,,,,,,,,single,,,0,,,,other,,,,,0,employee,,,,1,,0.0,0.0,3c6c330f-037d-4cde-9621-063122fbfb3b,,,0.0,0.0,0.0
hr_employee_test_1773816928056_emp_test_employee,base.main_company,[TEST-1773816928056]-EMP Test Employee,1,0,Jinasena_MasterData_HR.hr_job_software_engineer,Software Engineer,0112 687 916,,test.1773816928056@test.example.com,Jinasena_MasterData_Common.res_partner_test_1773816928056_emp_test_employee,,,,,,,,,,single,,,0,,,,other,,,,,0,employee,,,,1,,0.0,0.0,521a81ef-03a1-4c1b-b6eb-91472ebe3266,,,0.0,0.0,0.0
hr_employee_test_1773816948631_emp_test_employee,base.main_company,[TEST-1773816948631]-EMP Test Employee,1,0,,,0112 687 916,,test.1773816948631@test.example.com,Jinasena_MasterData_Common.res_partner_test_1773816948631_emp_test_employee,,,,,,,,,,single,,,0,,,,other,,,,,0,employee,,,,1,,0.0,0.0,d272d03f-3812-4e51-9b32-1ac3b72efbf6,,,0.0,0.0,0.0
hr_employee_test_1773816986432_emp_test_employee,base.main_company,[TEST-1773816986432]-EMP Test Employee,1,0,,,0112 687 916,,test.1773816986432@test.example.com,Jinasena_MasterData_Common.res_partner_test_1773816986432_emp_test_employee,,,,,,,,,,single,,,0,,,,other,,,,,0,employee,,,,1,,0.0,0.0,26ac6d68-1c90-4141-b129-b52b70eb8bed,,,0.0,0.0,0.0
hr_employee_test_1773817102495_emp_test_employee,base.main_company,[TEST-1773817102495]-EMP Test Employee,1,0,Jinasena_MasterData_HR.hr_job_software_engineer,Software Engineer,0112 687 916,,test.1773817102495@test.example.com,Jinasena_MasterData_Common.res_partner_test_1773817102495_emp_test_employee,,,,,,,,,,single,,,0,,,,other,,,,,0,employee,,,,1,,0.0,0.0,08c38d14-cd51-43b7-9c2f-9fdb97197096,,,0.0,0.0,0.0
hr_employee_test_1773817352468_emp_test_employee,base.main_company,[TEST-1773817352468]-EMP Test Employee,1,0,,,0112 687 916,,test.1773817352468@test.example.com,Jinasena_MasterData_Common.res_partner_test_1773817352468_emp_test_employee,,,,,,,,,,single,,,0,,,,other,,,,,0,employee,,,,1,,0.0,0.0,7305073b-9d45-43df-aa2a-24005c34dd95,,,0.0,0.0,0.0
hr_employee_test_1773817359795_emp_test_employee,base.main_company,[TEST-1773817359795]-EMP Test Employee,1,0,Jinasena_MasterData_HR.hr_job_software_engineer,Software Engineer,0112 687 916,,test.1773817359795@test.example.com,Jinasena_MasterData_Common.res_partner_test_1773817359795_emp_test_employee,,,,,,,,,,single,,,0,,,,other,,,,,0,employee,,,,1,,0.0,0.0,c9f316ed-e769-4907-927b-3319870566a0,,,0.0,0.0,0.0
hr_employee_test_1773817398654_emp_test_employee,base.main_company,[TEST-1773817398654]-EMP Test Employee,1,0,Jinasena_MasterData_HR.hr_job_software_engineer,Software Engineer,0112 687 916,,test.1773817398654@test.example.com,Jinasena_MasterData_Common.res_partner_test_1773817398654_emp_test_employee,,,,,,,,,,single,,,0,,,,other,,,,,0,employee,,,,1,,0.0,0.0,56bfb566-40b2-4f38-a7a3-8361a16c9bc8,,,0.0,0.0,0.0
hr_employee_test_1773817500539_emp_test_employee,base.main_company,[TEST-1773817500539]-EMP Test Employee,1,0,Jinasena_MasterData_HR.hr_job_software_engineer,Software Engineer,0112 687 916,,test.1773817500539@test.example.com,Jinasena_MasterData_Common.res_partner_test_1773817500539_emp_test_employee,,,,,,,,,,single,,,0,,,,other,,,,,0,employee,,,,1,,0.0,0.0,2fa6d2bb-9c59-42e9-b175-43dc6a12f215,,,0.0,0.0,0.0
hr_employee_test_1773817539813_emp_test_employee,base.main_company,[TEST-1773817539813]-EMP Test Employee,1,0,Jinasena_MasterData_HR.hr_job_software_engineer,Software Engineer,0112 687 916,,test.1773817539813@test.example.com,Jinasena_MasterData_Common.res_partner_test_1773817539813_emp_test_employee,,,,,,,,,,single,,,0,,,,other,,,,,0,employee,,,,1,,0.0,0.0,91098ead-c7e6-4f27-a5be-2f9e196a734c,,,0.0,0.0,0.0
hr_employee_test_1773817917568_emp_test_employee,base.main_company,[TEST-1773817917568]-EMP Test Employee,1,0,Jinasena_MasterData_HR.hr_job_software_engineer,Software Engineer,0112 687 916,,test.1773817917568@test.example.com,Jinasena_MasterData_Common.res_partner_test_1773817917568_emp_test_employee,,,,,,,,,,single,,,0,,,,other,,,,,0,employee,,,,1,,0.0,0.0,16cdef87-8b6c-4dd3-84ad-922317f4f1a7,,,0.0,0.0,0.0
hr_employee_test_1773818032419_emp_test_employee,base.main_company,[TEST-1773818032419]-EMP Test Employee,1,0,Jinasena_MasterData_HR.hr_job_software_engineer,Software Engineer,0112 687 916,,test.1773818032419@test.example.com,Jinasena_MasterData_Common.res_partner_test_1773818032419_emp_test_employee,,,,,,,,,,single,,,0,,,,other,,,,,0,employee,,,,1,,0.0,0.0,c4fcbd25-524c-419e-9e93-b89fab03e2ae,,,0.0,0.0,0.0
hr_employee_test_1773818260711_emp_test_employee,base.main_company,[TEST-1773818260711]-EMP Test Employee,1,0,,,0112 687 916,,test.1773818260711@test.example.com,Jinasena_MasterData_Common.res_partner_test_1773818260711_emp_test_employee,,,,,,,,,,single,,,0,,,,other,,,,,0,employee,,,,1,,0.0,0.0,fc84a972-4acd-403c-88d3-6561f97026e0,,,0.0,0.0,0.0
hr_employee_test_1773818519564_emp_test_employee,base.main_company,[TEST-1773818519564]-EMP Test Employee,1,0,,,0112 687 916,,test.1773818519564@test.example.com,Jinasena_MasterData_Common.res_partner_test_1773818519564_emp_test_employee,,,,,,,,,,single,,,0,,,,other,,,,,0,employee,,,,1,,0.0,0.0,d78e01fc-0f47-49f3-8427-6b7cfec82cb9,,,0.0,0.0,0.0
hr_employee_test_1773818694457_emp_test_employee,base.main_company,[TEST-1773818694457]-EMP Test Employee,1,0,,,0112 687 916,,test.1773818694457@test.example.com,Jinasena_MasterData_Common.res_partner_test_1773818694457_emp_test_employee,,,,,,,,,,single,,,0,,,,other,,,,,0,employee,,,,1,,0.0,0.0,a78c9a56-8889-4bd9-80ca-1b5c336cd4df,,,0.0,0.0,0.0
hr_employee_test_1773818751317_emp_test_employee,base.main_company,[TEST-1773818751317]-EMP Test Employee,1,0,Jinasena_MasterData_HR.hr_job_software_engineer,Software Engineer,0112 687 916,,test.1773818751317@test.example.com,Jinasena_MasterData_Common.res_partner_test_1773818751317_emp_test_employee,,,,,,,,,,single,,,0,,,,other,,,,,0,employee,,,,1,,0.0,0.0,e76ae423-e68f-4d02-8af3-f21e81ced80c,,,0.0,0.0,0.0
hr_employee_test_1773818882702_emp_test_employee,base.main_company,[TEST-1773818882702]-EMP Test Employee,1,0,,,0112 687 916,,test.1773818882702@test.example.com,Jinasena_MasterData_Common.res_partner_test_1773818882702_emp_test_employee,,,,,,,,,,single,,,0,,,,other,,,,,0,employee,,,,1,,0.0,0.0,a1f07b5a-771f-4406-91ff-df9895500cc2,,,0.0,0.0,0.0
hr_employee_test_1773819195248_emp_test_employee,base.main_company,[TEST-1773819195248]-EMP Test Employee,1,0,Jinasena_MasterData_HR.hr_job_software_engineer,Software Engineer,0112 687 916,,test.1773819195248@test.example.com,Jinasena_MasterData_Common.res_partner_test_1773819195248_emp_test_employee,,,,,,,,,,single,,,0,,,,other,,,,,0,employee,,,,1,,0.0,0.0,de86e0b6-af79-4a69-a988-e6c8f90fae4a,,,0.0,0.0,0.0
hr_employee_test_1773819316299_emp_test_employee,base.main_company,[TEST-1773819316299]-EMP Test Employee,1,0,,,0112 687 916,,test.1773819316299@test.example.com,Jinasena_MasterData_Common.res_partner_test_1773819316299_emp_test_employee,,,,,,,,,,single,,,0,,,,other,,,,,0,employee,,,,1,,0.0,0.0,e0fe2ecc-582c-4646-a9bb-38f0efed48b6,,,0.0,0.0,0.0
hr_employee_test_1773819647451_emp_test_employee,base.main_company,[TEST-1773819647451]-EMP Test Employee,1,0,,,0112 687 916,,test.1773819647451@test.example.com,Jinasena_MasterData_Common.res_partner_test_1773819647451_emp_test_employee,,,,,,,,,,single,,,0,,,,other,,,,,0,employee,,,,1,,0.0,0.0,ad1d3b95-2051-40bd-a550-04c05c5318a5,,,0.0,0.0,0.0
hr_employee_test_1773820020845_emp_test_employee,base.main_company,[TEST-1773820020845]-EMP Test Employee,1,0,Jinasena_MasterData_HR.hr_job_software_engineer,Software Engineer,0112 687 916,,test.1773820020845@test.example.com,Jinasena_MasterData_Common.res_partner_test_1773820020845_emp_test_employee,,,,,,,,,,single,,,0,,,,other,,,,,0,employee,,,,1,,0.0,0.0,5d4ec4f4-1c6e-46e5-892e-0d34f95d09c4,,,0.0,0.0,0.0
hr_employee_test_1773820229241_emp_test_employee,base.main_company,[TEST-1773820229241]-EMP Test Employee,1,0,Jinasena_MasterData_HR.hr_job_software_engineer,Software Engineer,0112 687 916,,test.1773820229241@test.example.com,Jinasena_MasterData_Common.res_partner_test_1773820229241_emp_test_employee,,,,,,,,,,single,,,0,,,,other,,,,,0,employee,,,,1,,0.0,0.0,6db93b8f-4734-478b-970c-99874a7649e9,,,0.0,0.0,0.0
hr_employee_test_1773820304288_emp_test_employee,base.main_company,[TEST-1773820304288]-EMP Test Employee,1,0,Jinasena_MasterData_HR.hr_job_software_engineer,Software Engineer,0112 687 916,,test.1773820304288@test.example.com,Jinasena_MasterData_Common.res_partner_test_1773820304288_emp_test_employee,,,,,,,,,,single,,,0,,,,other,,,,,0,employee,,,,1,,0.0,0.0,14e4b349-0777-4f6f-aeca-d855102dc64a,,,0.0,0.0,0.0
hr_employee_test_1773820500699_emp_test_employee,base.main_company,[TEST-1773820500699]-EMP Test Employee,1,0,Jinasena_MasterData_HR.hr_job_software_engineer,Software Engineer,0112 687 916,,test.1773820500699@test.example.com,Jinasena_MasterData_Common.res_partner_test_1773820500699_emp_test_employee,,,,,,,,,,single,,,0,,,,other,,,,,0,employee,,,,1,,0.0,0.0,8934ccff-c9f9-4fb7-9d05-b5324520bc94,,,0.0,0.0,0.0
hr_employee_test_1773820781822_emp_test_employee,base.main_company,[TEST-1773820781822]-EMP Test Employee,1,0,,,0112 687 916,,test.1773820781822@test.example.com,Jinasena_MasterData_Common.res_partner_test_1773820781822_emp_test_employee,,,,,,,,,,single,,,0,,,,other,,,,,0,employee,,,,1,,0.0,0.0,645ec608-177c-4471-ac5f-ea77c01c9ab4,,,0.0,0.0,0.0
hr_employee_test_1773820979559_emp_test_employee,base.main_company,[TEST-1773820979559]-EMP Test Employee,1,0,Jinasena_MasterData_HR.hr_job_software_engineer,Software Engineer,0112 687 916,,test.1773820979559@test.example.com,Jinasena_MasterData_Common.res_partner_test_1773820979559_emp_test_employee,,,,,,,,,,single,,,0,,,,other,,,,,0,employee,,,,1,,0.0,0.0,ea0e9b7f-789f-4268-a4a5-fe2e64a14854,,,0.0,0.0,0.0
hr_employee_test_1773821174664_emp_test_employee,base.main_company,[TEST-1773821174664]-EMP Test Employee,1,0,Jinasena_MasterData_HR.hr_job_software_engineer,Software Engineer,0112 687 916,,test.1773821174664@test.example.com,Jinasena_MasterData_Common.res_partner_test_1773821174664_emp_test_employee,,,,,,,,,,single,,,0,,,,other,,,,,0,employee,,,,1,,0.0,0.0,a779dce1-2dad-4301-b969-97b5be041f65,,,0.0,0.0,0.0
hr_employee_test_1773821263306_emp_test_employee,base.main_company,[TEST-1773821263306]-EMP Test Employee,1,0,,,0112 687 916,,test.1773821263306@test.example.com,Jinasena_MasterData_Common.res_partner_test_1773821263306_emp_test_employee,,,,,,,,,,single,,,0,,,,other,,,,,0,employee,,,,1,,0.0,0.0,7d1133ee-0330-4d4c-beef-d01d2bc1813c,,,0.0,0.0,0.0
hr_employee_test_1773821266435_emp_test_employee,base.main_company,[TEST-1773821266435]-EMP Test Employee,1,0,Jinasena_MasterData_HR.hr_job_software_engineer,Software Engineer,0112 687 916,,test.1773821266435@test.example.com,Jinasena_MasterData_Common.res_partner_test_1773821266435_emp_test_employee,,,,,,,,,,single,,,0,,,,other,,,,,0,employee,,,,1,,0.0,0.0,9f0bb08a-a9b4-47dd-bf91-435ca44d03b8,,,0.0,0.0,0.0
hr_employee_test_1773821390939_dupname_duplicate_emp,base.main_company,[TEST-1773821390939]-DUPNAME Duplicate Employee,1,0,,,0112 687 916,,test.1773821390939@test.example.com,Jinasena_MasterData_Common.res_partner_test_1773821390939_dupname_duplicate_emp_7024,,,,,,,,,,single,,,0,,,,other,,,,,0,employee,,,,1,,0.0,0.0,0e3e477a-9323-481a-b88d-0b378ac0091e,,,0.0,0.0,0.0
hr_employee_test_1773821390939_dupname_duplicate_emp_432,base.main_company,[TEST-1773821390939]-DUPNAME Duplicate Employee,1,0,,,0112 687 916,,test.1773821390939@test.example.com,Jinasena_MasterData_Common.res_partner_test_1773821390939_dupname_duplicate_emp_7023,,,,,,,,,,single,,,0,,,,other,,,,,0,employee,,,,1,,0.0,0.0,96b93d0f-bca7-4c22-a40e-4babc07d0e5a,,,0.0,0.0,0.0
hr_employee_test_1773821406940_inv_email_test,base.main_company,[TEST-1773821406940]-INV-EMAIL Test,1,0,,,0112 687 916,,not-a-valid-email,Jinasena_MasterData_Common.res_partner_test_1773821406940_inv_email_test,,,,,,,,,,single,,,0,,,,other,,,,,0,employee,,,,1,,0.0,0.0,d4f832da-8263-499f-8723-aad9f0a96bf6,,,0.0,0.0,0.0
hr_employee_test_1773821416771_emp_test_employee,base.main_company,[TEST-1773821416771]-EMP Test Employee,1,0,Jinasena_MasterData_HR.hr_job_software_engineer,Software Engineer,0112 687 916,,test.1773821416771@test.example.com,Jinasena_MasterData_Common.res_partner_test_1773821416771_emp_test_employee,,,,,,,,,,single,,,0,,,,other,,,,,0,employee,,,,1,,0.0,0.0,a269aa43-bc6c-4298-8e05-15b33c50578c,,,0.0,0.0,0.0
hr_employee_test_1773821459214_emp_test_employee,base.main_company,[TEST-1773821459214]-EMP Test Employee,1,0,Jinasena_MasterData_HR.hr_job_software_engineer,Software Engineer,0112 687 916,,test.1773821459214@test.example.com,Jinasena_MasterData_Common.res_partner_test_1773821459214_emp_test_employee,,,,,,,,,,single,,,0,,,,other,,,,,0,employee,,,,1,,0.0,0.0,d329623e-f442-440a-a033-e76e1f313552,,,0.0,0.0,0.0
hr_employee_test_1773821515752_xss_script_alert_1_sc,base.main_company,[TEST-1773821515752]-XSS <script>alert(1)</script>,1,0,,,0112 687 916,,test.1773821515752@test.example.com,Jinasena_MasterData_Common.res_partner_test_1773821515752_xss_script_alert_1_sc,,,,,,,,,,single,,,0,,,,other,,,,,0,employee,,,,1,,0.0,0.0,a882c741-bb62-451c-be34-dedc6eb7b80e,,,0.0,0.0,0.0
hr_employee_test_1773821515752_xss_script_alert_1_sc_443,base.main_company,[TEST-1773821515752]-XSS <script>alert(1)</script>,1,0,,,0112 687 916,,test.1773821515752@test.example.com,Jinasena_MasterData_Common.res_partner_test_1773821515752_xss_script_alert_1_sc_7034,,,,,,,,,,single,,,0,,,,other,,,,,0,employee,,,,1,,0.0,0.0,7e4eea9a-bba5-4376-b797-9b430d8a0cdd,,,0.0,0.0,0.0
hr_employee_test_1773821571975_emp_test_employee,base.main_company,[TEST-1773821571975]-EMP Test Employee,1,0,,,0112 687 916,,test.1773821571975@test.example.com,Jinasena_MasterData_Common.res_partner_test_1773821571975_emp_test_employee,,,,,,,,,,single,,,0,,,,other,,,,,0,employee,,,,1,,0.0,0.0,d46f7402-3483-4da0-ad5e-4e72d3789ca0,,,0.0,0.0,0.0
hr_employee_test_1773821574602_emp_test_employee,base.main_company,[TEST-1773821574602]-EMP Test Employee,1,0,Jinasena_MasterData_HR.hr_job_software_engineer,Software Engineer,0112 687 916,,test.1773821574602@test.example.com,Jinasena_MasterData_Common.res_partner_test_1773821574602_emp_test_employee,,,,,,,,,,single,,,0,,,,other,,,,,0,employee,,,,1,,0.0,0.0,f628f193-4578-4eed-a647-deae1701b8bb,,,0.0,0.0,0.0
hr_employee_test_1773821665664_dupname_duplicate_emp,base.main_company,[TEST-1773821665664]-DUPNAME Duplicate Employee,1,0,,,0112 687 916,,test.1773821665664@test.example.com,Jinasena_MasterData_Common.res_partner_test_1773821665664_dupname_duplicate_emp_7045,,,,,,,,,,single,,,0,,,,other,,,,,0,employee,,,,1,,0.0,0.0,380fdb5a-6dc2-4830-9758-96d616e598ed,,,0.0,0.0,0.0
hr_employee_test_1773821665664_dupname_duplicate_emp_453,base.main_company,[TEST-1773821665664]-DUPNAME Duplicate Employee,1,0,,,0112 687 916,,test.1773821665664@test.example.com,Jinasena_MasterData_Common.res_partner_test_1773821665664_dupname_duplicate_emp_7044,,,,,,,,,,single,,,0,,,,other,,,,,0,employee,,,,1,,0.0,0.0,0139943a-5540-4bd3-94da-23e669a7ec48,,,0.0,0.0,0.0
hr_employee_test_1773821681344_inv_email_test,base.main_company,[TEST-1773821681344]-INV-EMAIL Test,1,0,,,0112 687 916,,not-a-valid-email,Jinasena_MasterData_Common.res_partner_test_1773821681344_inv_email_test,,,,,,,,,,single,,,0,,,,other,,,,,0,employee,,,,1,,0.0,0.0,ac9991c1-f33e-4a73-bba0-00bbbf4f7310,,,0.0,0.0,0.0
hr_employee_test_1773821691141_emp_test_employee,base.main_company,[TEST-1773821691141]-EMP Test Employee,1,0,,,0112 687 916,,test.1773821691141@test.example.com,Jinasena_MasterData_Common.res_partner_test_1773821691141_emp_test_employee,,,,,,,,,,single,,,0,,,,other,,,,,0,employee,,,,1,,0.0,0.0,ad5c092b-0e2a-4eab-946c-5ee2e4355692,,,0.0,0.0,0.0
hr_employee_test_1773821733210_emp_test_employee,base.main_company,[TEST-1773821733210]-EMP Test Employee,1,0,,,0112 687 916,,test.1773821733210@test.example.com,Jinasena_MasterData_Common.res_partner_test_1773821733210_emp_test_employee,,,,,,,,,,single,,,0,,,,other,,,,,0,employee,,,,1,,0.0,0.0,18c60241-2554-427f-9c06-e6aa5a146e89,,,0.0,0.0,0.0
hr_employee_test_1773821790379_xss_script_alert_1_sc,base.main_company,[TEST-1773821790379]-XSS <script>alert(1)</script>,1,0,,,0112 687 916,,test.1773821790379@test.example.com,Jinasena_MasterData_Common.res_partner_test_1773821790379_xss_script_alert_1_sc,,,,,,,,,,single,,,0,,,,other,,,,,0,employee,,,,1,,0.0,0.0,ded7f0a4-9382-4c2e-8f93-115b6d478d97,,,0.0,0.0,0.0
hr_employee_test_1773821790379_xss_script_alert_1_sc_464,base.main_company,[TEST-1773821790379]-XSS <script>alert(1)</script>,1,0,,,0112 687 916,,test.1773821790379@test.example.com,Jinasena_MasterData_Common.res_partner_test_1773821790379_xss_script_alert_1_sc_7055,,,,,,,,,,single,,,0,,,,other,,,,,0,employee,,,,1,,0.0,0.0,8bcc6fef-dde7-41ec-992a-a04f1b3a72f0,,,0.0,0.0,0.0
hr_employee_test_1773821921396_emp_test_employee,base.main_company,[TEST-1773821921396]-EMP Test Employee,1,0,,,0112 687 916,,test.1773821921396@test.example.com,Jinasena_MasterData_Common.res_partner_test_1773821921396_emp_test_employee,,,,,,,,,,single,,,0,,,,other,,,,,0,employee,,,,1,,0.0,0.0,d5297dce-252a-46f4-8d53-0c890b473f4a,,,0.0,0.0,0.0
hr_employee_test_1773822012344_dupname_duplicate_emp,base.main_company,[TEST-1773822012344]-DUPNAME Duplicate Employee,1,0,,,0112 687 916,,test.1773822012344@test.example.com,Jinasena_MasterData_Common.res_partner_test_1773822012344_dupname_duplicate_emp_7064,,,,,,,,,,single,,,0,,,,other,,,,,0,employee,,,,1,,0.0,0.0,fd83881a-03b2-4468-9c42-d886d847c781,,,0.0,0.0,0.0
hr_employee_test_1773822028346_inv_email_test,base.main_company,[TEST-1773822028346]-INV-EMAIL Test,1,0,,,0112 687 916,,not-a-valid-email,Jinasena_MasterData_Common.res_partner_test_1773822028346_inv_email_test,,,,,,,,,,single,,,0,,,,other,,,,,0,employee,,,,1,,0.0,0.0,279ff975-0c9a-4cdb-9302-88d310008a54,,,0.0,0.0,0.0
hr_employee_test_1773822038612_emp_test_employee,base.main_company,[TEST-1773822038612]-EMP Test Employee,1,0,,,0112 687 916,,test.1773822038612@test.example.com,Jinasena_MasterData_Common.res_partner_test_1773822038612_emp_test_employee,,,,,,,,,,single,,,0,,,,other,,,,,0,employee,,,,1,,0.0,0.0,e7b71675-ea4e-45fa-ac3c-fdc870828142,,,0.0,0.0,0.0
hr_employee_test_1773822080976_emp_test_employee,base.main_company,[TEST-1773822080976]-EMP Test Employee,1,0,,,0112 687 916,,test.1773822080976@test.example.com,Jinasena_MasterData_Common.res_partner_test_1773822080976_emp_test_employee,,,,,,,,,,single,,,0,,,,other,,,,,0,employee,,,,1,,0.0,0.0,dd2e8c61-178e-4418-b8ef-c1a91cb81cec,,,0.0,0.0,0.0
hr_employee_test_1773822136323_xss_script_alert_1_sc,base.main_company,[TEST-1773822136323]-XSS <script>alert(1)</script>,1,0,,,0112 687 916,,test.1773822136323@test.example.com,Jinasena_MasterData_Common.res_partner_test_1773822136323_xss_script_alert_1_sc,,,,,,,,,,single,,,0,,,,other,,,,,0,employee,,,,1,,0.0,0.0,b04b34a2-d39f-4cd6-938c-3c06f963e4af,,,0.0,0.0,0.0
hr_employee_test_1773822860916_dupname_duplicate_emp,base.main_company,[TEST-1773822860916]-DUPNAME Duplicate Employee,1,0,Jinasena_MasterData_HR.hr_job_software_engineer,Software Engineer,0112 687 916,,test.1773822860916@test.example.com,Jinasena_MasterData_Common.res_partner_test_1773822860916_dupname_duplicate_emp_7077,,,,,,,,,,single,,,0,,,,other,,,,,0,employee,,,,1,,0.0,0.0,9c55c030-fb62-42c0-922d-da80b124c488,,,0.0,0.0,0.0
hr_employee_test_1773822879905_emp_test_employee,base.main_company,[TEST-1773822879905]-EMP Test Employee,1,0,Jinasena_MasterData_HR.hr_job_software_engineer,Software Engineer,0112 687 916,,test.1773822879906@test.example.com,Jinasena_MasterData_Common.res_partner_test_1773822879905_emp_test_employee,,,,,,,,,,single,,,0,,,,other,,,,,0,employee,,,,1,,0.0,0.0,04792938-8a98-4367-ae61-776066293ea3,,,0.0,0.0,0.0
hr_employee_test_1773822932974_emp_test_employee,base.main_company,[TEST-1773822932974]-EMP Test Employee,1,0,,,0112 687 916,,test.1773822932974@test.example.com,Jinasena_MasterData_Common.res_partner_test_1773822932974_emp_test_employee,,,,,,,,,,single,,,0,,,,other,,,,,0,employee,,,,1,,0.0,0.0,5b779337-1e66-4904-8d8a-fbda514ef59d,,,0.0,0.0,0.0
hr_employee_test_1773823362843_emp_test_employee,base.main_company,[TEST-1773823362843]-EMP Test Employee,1,0,,,0112 687 916,,,Jinasena_MasterData_Common.res_partner_test_1773823362843_emp_test_employee,,,,,,,,,,single,,,0,,,,other,,,,,0,employee,,,,1,,0.0,0.0,c9990296-74a6-4776-aebf-ba5dfa65f72e,,,0.0,0.0,0.0
hr_employee_test_1773823394115_emp_test_employee,base.main_company,[TEST-1773823394115]-EMP Test Employee,1,0,Jinasena_MasterData_HR.hr_job_software_engineer,Software Engineer,0112 687 916,,test.1773823394115@test.example.com,Jinasena_MasterData_Common.res_partner_test_1773823394115_emp_test_employee,,,,,,,,,,single,,,0,,,,other,,,,,0,employee,,,,1,,0.0,0.0,7606e2a7-1230-43d1-9430-1a1844769550,,,0.0,0.0,0.0
hr_employee_test_1773823485507_dupname_duplicate_emp,base.main_company,[TEST-1773823485507]-DUPNAME Duplicate Employee,1,0,Jinasena_MasterData_HR.hr_job_software_engineer,Software Engineer,0112 687 916,,test.1773823485507@test.example.com,Jinasena_MasterData_Common.res_partner_test_1773823485507_dupname_duplicate_emp_7093,,,,,,,,,,single,,,0,,,,other,,,,,0,employee,,,,1,,0.0,0.0,cadae8d8-7198-4076-ac8d-b64d48e7d2bb,,,0.0,0.0,0.0
hr_employee_test_1773823520638_emp_test_employee,base.main_company,[TEST-1773823520638]-EMP Test Employee,1,0,Jinasena_MasterData_HR.hr_job_software_engineer,Software Engineer,0112 687 916,,test.1773823520638@test.example.com,Jinasena_MasterData_Common.res_partner_test_1773823520638_emp_test_employee,,,,,,,,,,single,,,0,,,,other,,,,,0,employee,,,,1,,0.0,0.0,6f5b430d-9a7a-411c-bd1e-c047bdab48fa,,,0.0,0.0,0.0
hr_employee_test_1773823579455_xss_script_alert_1_sc,base.main_company,[TEST-1773823579455]-XSS <script>alert(1)</script>,1,0,Jinasena_MasterData_HR.hr_job_software_engineer,Software Engineer,0112 687 916,,test.1773823579455@test.example.com,Jinasena_MasterData_Common.res_partner_test_1773823579455_xss_script_alert_1_sc_7104,,,,,,,,,,single,,,0,,,,other,,,,,0,employee,,,,1,,0.0,0.0,9ca773ac-6231-470e-980b-4e1549a60c02,,,0.0,0.0,0.0
hr_employee_test_1773823579455_xss_script_alert_1_sc_514,base.main_company,[TEST-1773823579455]-XSS <script>alert(1)</script>,1,0,Jinasena_MasterData_HR.hr_job_software_engineer,Software Engineer,0112 687 916,,test.1773823579455@test.example.com,Jinasena_MasterData_Common.res_partner_test_1773823579455_xss_script_alert_1_sc,,,,,,,,,,single,,,0,,,,other,,,,,0,employee,,,,1,,0.0,0.0,305a1498-6327-4409-99e3-b10e8d560b5c,,,0.0,0.0,0.0
hr_employee_test_1773826634697_apr_emp_appraisal_tes,base.main_company,[TEST-1773826634697]-APR-EMP Appraisal Test Employee,1,0,,,0112 687 916,,test.1773826634697@test.example.com,Jinasena_MasterData_Common.res_partner_test_1773826634697_apr_emp_appraisal_tes,,,,,,,,,,single,,,0,,,,other,,,,,0,employee,,,,1,,0.0,0.0,6ecfcfb2-a592-4682-a1ea-4ef35f4785e5,,,0.0,0.0,0.0
hr_employee_test_1773826645888_att_emp_attendance_em,base.main_company,[TEST-1773826645888]-ATT-EMP Attendance Employee,1,0,,,0112 687 916,,test.1773826645888@test.example.com,Jinasena_MasterData_Common.res_partner_test_1773826645888_att_emp_attendance_em,,,,,,,,,,single,,,0,,,,other,,,,,0,employee,,,,1,,0.0,0.0,27f5cfea-104d-4d35-9777-2414cfb6bf6d,,,0.0,0.0,0.0
hr_employee_test_1773826668748_att_emp_attendance_em,base.main_company,[TEST-1773826668748]-ATT-EMP Attendance Employee,1,0,,,0112 687 916,,test.1773826668748@test.example.com,Jinasena_MasterData_Common.res_partner_test_1773826668748_att_emp_attendance_em,,,,,,,,,,single,,,0,,,,other,,,,,0,employee,,,,1,,0.0,0.0,4d4c75c5-80f1-4c07-b7b3-e9bf832ce26b,,,0.0,0.0,0.0
hr_employee_test_1773826708520_att_emp_attendance_em,base.main_company,[TEST-1773826708520]-ATT-EMP Attendance Employee,1,0,,,0112 687 916,,test.1773826708520@test.example.com,Jinasena_MasterData_Common.res_partner_test_1773826708520_att_emp_attendance_em,,,,,,,,,,single,,,0,,,,other,,,,,0,employee,,,,1,,0.0,0.0,707bcfe9-d3e8-45c1-a543-57dece5cfb16,,,0.0,0.0,0.0
hr_employee_test_1773826731916_att_emp_attendance_em,base.main_company,[TEST-1773826731916]-ATT-EMP Attendance Employee,1,0,Jinasena_MasterData_HR.hr_job_software_engineer,Software Engineer,0112 687 916,,test.1773826731916@test.example.com,Jinasena_MasterData_Common.res_partner_test_1773826731916_att_emp_attendance_em,,,,,,,,,,single,,,0,,,,other,,,,,0,employee,,,,1,,0.0,0.0,9a2d39df-508e-4caf-97be-30772167e7a2,,,0.0,0.0,0.0
hr_employee_test_1773826756538_att_emp_attendance_em,base.main_company,[TEST-1773826756538]-ATT-EMP Attendance Employee,1,0,Jinasena_MasterData_HR.hr_job_software_engineer,Software Engineer,0112 687 916,,test.1773826756538@test.example.com,Jinasena_MasterData_Common.res_partner_test_1773826756538_att_emp_attendance_em,,,,,,,,,,single,,,0,,,,other,,,,,0,employee,,,,1,,0.0,0.0,edc7f307-787e-404c-8c6a-9395f4c68421,,,0.0,0.0,0.0
hr_employee_test_1773826781406_att_emp_attendance_em,base.main_company,[TEST-1773826781406]-ATT-EMP Attendance Employee,1,0,,,0112 687 916,,test.1773826781406@test.example.com,Jinasena_MasterData_Common.res_partner_test_1773826781406_att_emp_attendance_em,,,,,,,,,,single,,,0,,,,other,,,,,0,employee,,,,1,,0.0,0.0,12b5d3ca-d3eb-4fe1-9ccf-68052044b666,,,0.0,0.0,0.0
hr_employee_test_1773826844774_att_edge_attendance_e,base.main_company,[TEST-1773826844774]-ATT-EDGE Attendance Edge Employee,1,0,Jinasena_MasterData_HR.hr_job_software_engineer,Software Engineer,0112 687 916,,test.1773826844774@test.example.com,Jinasena_MasterData_Common.res_partner_test_1773826844774_att_edge_attendance_e,,,,,,,,,,single,,,0,,,,other,,,,,0,employee,,,,1,,0.0,0.0,0041aee3-35a3-490b-9a5f-0e4f006bef41,,,0.0,0.0,0.0
hr_employee_test_1773826878542_att_edge_attendance_e,base.main_company,[TEST-1773826878542]-ATT-EDGE Attendance Edge Employee,1,0,,,0112 687 916,,test.1773826878542@test.example.com,Jinasena_MasterData_Common.res_partner_test_1773826878542_att_edge_attendance_e,,,,,,,,,,single,,,0,,,,other,,,,,0,employee,,,,1,,0.0,0.0,81d8bf38-aeb4-4ce1-a137-3f41baa3cd4d,,,0.0,0.0,0.0
hr_employee_test_1773826939772_apr_emp_appraisal_tes,base.main_company,[TEST-1773826939772]-APR-EMP Appraisal Test Employee,1,0,,,0112 687 916,,test.1773826939772@test.example.com,Jinasena_MasterData_Common.res_partner_test_1773826939772_apr_emp_appraisal_tes,,,,,,,,,,single,,,0,,,,other,,,,,0,employee,,,,1,,0.0,0.0,20d52283-53ed-4444-850b-3b87da75fa95,,,0.0,0.0,0.0
hr_employee_test_1773826949291_att_emp_attendance_em,base.main_company,[TEST-1773826949291]-ATT-EMP Attendance Employee,1,0,,,0112 687 916,,test.1773826949291@test.example.com,Jinasena_MasterData_Common.res_partner_test_1773826949291_att_emp_attendance_em,,,,,,,,,,single,,,0,,,,other,,,,,0,employee,,,,1,,0.0,0.0,aa56c11a-22b3-4d98-968b-01963516d498,,,0.0,0.0,0.0
hr_employee_test_1773826972049_att_emp_attendance_em,base.main_company,[TEST-1773826972049]-ATT-EMP Attendance Employee,1,0,,,0112 687 916,,test.1773826972049@test.example.com,Jinasena_MasterData_Common.res_partner_test_1773826972049_att_emp_attendance_em,,,,,,,,,,single,,,0,,,,other,,,,,0,employee,,,,1,,0.0,0.0,d93d40b3-91ba-4297-b296-273cd91c3dc5,,,0.0,0.0,0.0
hr_employee_test_1773826995915_att_emp_attendance_em,base.main_company,[TEST-1773826995915]-ATT-EMP Attendance Employee,1,0,,,0112 687 916,,test.1773826995915@test.example.com,Jinasena_MasterData_Common.res_partner_test_1773826995915_att_emp_attendance_em,,,,,,,,,,single,,,0,,,,other,,,,,0,employee,,,,1,,0.0,0.0,b71de8e9-b3b4-4a2b-8a3a-eaac893323f6,,,0.0,0.0,0.0
hr_employee_test_1773827018702_att_emp_attendance_em,base.main_company,[TEST-1773827018702]-ATT-EMP Attendance Employee,1,0,Jinasena_MasterData_HR.hr_job_software_engineer,Software Engineer,0112 687 916,,test.1773827018702@test.example.com,Jinasena_MasterData_Common.res_partner_test_1773827018702_att_emp_attendance_em,,,,,,,,,,single,,,0,,,,other,,,,,0,employee,,,,1,,0.0,0.0,7db9b26d-c4e1-4060-9e49-e4a2df814535,,,0.0,0.0,0.0
hr_employee_test_1773827041834_att_emp_attendance_em,base.main_company,[TEST-1773827041834]-ATT-EMP Attendance Employee,1,0,,,0112 687 916,,test.1773827041834@test.example.com,Jinasena_MasterData_Common.res_partner_test_1773827041834_att_emp_attendance_em,,,,,,,,,,single,,,0,,,,other,,,,,0,employee,,,,1,,0.0,0.0,f027e645-5206-40a3-9669-fe7068521d7f,,,0.0,0.0,0.0
hr_employee_test_1773827066958_att_emp_attendance_em,base.main_company,[TEST-1773827066958]-ATT-EMP Attendance Employee,1,0,Jinasena_MasterData_HR.hr_job_software_engineer,Software Engineer,0112 687 916,,test.1773827066959@test.example.com,Jinasena_MasterData_Common.res_partner_test_1773827066958_att_emp_attendance_em,,,,,,,,,,single,,,0,,,,other,,,,,0,employee,,,,1,,0.0,0.0,41ef08f3-fb26-4c32-bedb-091276842b7b,,,0.0,0.0,0.0
hr_employee_test_1773827105987_att_edge_attendance_e,base.main_company,[TEST-1773827105987]-ATT-EDGE Attendance Edge Employee,1,0,,,0112 687 916,,test.1773827105987@test.example.com,Jinasena_MasterData_Common.res_partner_test_1773827105987_att_edge_attendance_e,,,,,,,,,,single,,,0,,,,other,,,,,0,employee,,,,1,,0.0,0.0,b45c1808-eab4-438e-84af-7452c69463f7,,,0.0,0.0,0.0
hr_employee_test_1773827129018_att_edge_attendance_e,base.main_company,[TEST-1773827129018]-ATT-EDGE Attendance Edge Employee,1,0,Jinasena_MasterData_HR.hr_job_software_engineer,Software Engineer,0112 687 916,,test.1773827129018@test.example.com,Jinasena_MasterData_Common.res_partner_test_1773827129018_att_edge_attendance_e,,,,,,,,,,single,,,0,,,,other,,,,,0,employee,,,,1,,0.0,0.0,0afdfd72-3044-4a8d-8c5d-3f8f2ed2e28c,,,0.0,0.0,0.0
hr_employee_test_1773827152192_att_edge_attendance_e,base.main_company,[TEST-1773827152192]-ATT-EDGE Attendance Edge Employee,1,0,,,0112 687 916,,test.1773827152192@test.example.com,Jinasena_MasterData_Common.res_partner_test_1773827152192_att_edge_attendance_e,,,,,,,,,,single,,,0,,,,other,,,,,0,employee,,,,1,,0.0,0.0,5889112b-8c85-4f20-a991-6c56443a4f75,,,0.0,0.0,0.0
hr_employee_test_1773827174635_att_edge_attendance_e,base.main_company,[TEST-1773827174635]-ATT-EDGE Attendance Edge Employee,1,0,Jinasena_MasterData_HR.hr_job_software_engineer,Software Engineer,0112 687 916,,test.1773827174635@test.example.com,Jinasena_MasterData_Common.res_partner_test_1773827174635_att_edge_attendance_e,,,,,,,,,,single,,,0,,,,other,,,,,0,employee,,,,1,,0.0,0.0,39951625-f4bb-4cb2-8f50-42b60c22903e,,,0.0,0.0,0.0
hr_employee_test_1773827197657_att_edge_attendance_e,base.main_company,[TEST-1773827197657]-ATT-EDGE Attendance Edge Employee,1,0,,,0112 687 916,,test.1773827197657@test.example.com,Jinasena_MasterData_Common.res_partner_test_1773827197657_att_edge_attendance_e,,,,,,,,,,single,,,0,,,,other,,,,,0,employee,,,,1,,0.0,0.0,bbea1641-1a12-42e2-8688-91ef78234f4c,,,0.0,0.0,0.0
hr_employee_test_1773827225411_att_edge_attendance_e,base.main_company,[TEST-1773827225411]-ATT-EDGE Attendance Edge Employee,1,0,Jinasena_MasterData_HR.hr_job_software_engineer,Software Engineer,0112 687 916,,test.1773827225412@test.example.com,Jinasena_MasterData_Common.res_partner_test_1773827225411_att_edge_attendance_e,,,,,,,,,,single,,,0,,,,other,,,,,0,employee,,,,1,,0.0,0.0,9d82d3c4-43c5-4c6c-a975-1d864088af02,,,0.0,0.0,0.0
hr_employee_test_1773827255513_att_edge_attendance_e,base.main_company,[TEST-1773827255513]-ATT-EDGE Attendance Edge Employee,1,0,,,0112 687 916,,test.1773827255513@test.example.com,Jinasena_MasterData_Common.res_partner_test_1773827255513_att_edge_attendance_e,,,,,,,,,,single,,,0,,,,other,,,,,0,employee,,,,1,,0.0,0.0,ede32271-62e5-4924-969f-e19a295cd401,,,0.0,0.0,0.0
hr_employee_test_1773827278129_att_edge_attendance_e,base.main_company,[TEST-1773827278129]-ATT-EDGE Attendance Edge Employee,1,0,Jinasena_MasterData_HR.hr_job_software_engineer,Software Engineer,0112 687 916,,test.1773827278129@test.example.com,Jinasena_MasterData_Common.res_partner_test_1773827278129_att_edge_attendance_e,,,,,,,,,,single,,,0,,,,other,,,,,0,employee,,,,1,,0.0,0.0,d245b66b-9ead-4361-95a7-4ae3c618d447,,,0.0,0.0,0.0
hr_employee_test_1773827301015_contract_emp_contract,base.main_company,[TEST-1773827301015]-CONTRACT-EMP Contract Test Employee,1,0,Jinasena_MasterData_HR.hr_job_software_engineer,Software Engineer,0112 687 916,,test.1773827301015@test.example.com,Jinasena_MasterData_Common.res_partner_test_1773827301015_contract_emp_contract,,,,,,,,,,single,,,0,,,,other,,,,,0,employee,,,,1,,0.0,0.0,c3d4b78d-b24a-4d3c-b8f7-068626f95c79,,,0.0,0.0,0.0
hr_employee_test_1773827339309_contract_emp_contract,base.main_company,[TEST-1773827339309]-CONTRACT-EMP Contract Test Employee,1,0,Jinasena_MasterData_HR.hr_job_software_engineer,Software Engineer,0112 687 916,,test.1773827339309@test.example.com,Jinasena_MasterData_Common.res_partner_test_1773827339309_contract_emp_contract,,,,,,,,,,single,,,0,,,,other,,,,,0,employee,,,,1,,0.0,0.0,fa1a8a6e-d3a6-4b7a-a8d2-22c61e0a218f,,,0.0,0.0,0.0
hr_employee_test_1773827377944_contract_emp_contract,base.main_company,[TEST-1773827377944]-CONTRACT-EMP Contract Test Employee,1,0,Jinasena_MasterData_HR.hr_job_software_engineer,Software Engineer,0112 687 916,,test.1773827377944@test.example.com,Jinasena_MasterData_Common.res_partner_test_1773827377944_contract_emp_contract,,,,,,,,,,single,,,0,,,,other,,,,,0,employee,,,,1,,0.0,0.0,1ceebf3e-195a-486e-a2b5-7409441948e6,,,0.0,0.0,0.0
hr_employee_test_1773827415601_contract_emp_contract,base.main_company,[TEST-1773827415601]-CONTRACT-EMP Contract Test Employee,1,0,,,0112 687 916,,test.1773827415601@test.example.com,Jinasena_MasterData_Common.res_partner_test_1773827415601_contract_emp_contract,,,,,,,,,,single,,,0,,,,other,,,,,0,employee,,,,1,,0.0,0.0,265daf25-3f46-4609-8165-528748b79976,,,0.0,0.0,0.0
hr_employee_test_1773827455354_contract_emp_contract,base.main_company,[TEST-1773827455354]-CONTRACT-EMP Contract Test Employee,1,0,Jinasena_MasterData_HR.hr_job_software_engineer,Software Engineer,0112 687 916,,test.1773827455354@test.example.com,Jinasena_MasterData_Common.res_partner_test_1773827455354_contract_emp_contract,,,,,,,,,,single,,,0,,,,other,,,,,0,employee,,,,1,,0.0,0.0,24cfe3e8-4192-4b5c-9802-72cde722183b,,,0.0,0.0,0.0
hr_employee_test_1773827493597_contract_emp_contract,base.main_company,[TEST-1773827493597]-CONTRACT-EMP Contract Test Employee,1,0,Jinasena_MasterData_HR.hr_job_software_engineer,Software Engineer,0112 687 916,,test.1773827493597@test.example.com,Jinasena_MasterData_Common.res_partner_test_1773827493597_contract_emp_contract,,,,,,,,,,single,,,0,,,,other,,,,,0,employee,,,,1,,0.0,0.0,fd787d75-3215-49a7-93a4-ea4269c3bdee,,,0.0,0.0,0.0
hr_employee_test_1773827533574_contract_emp_contract,base.main_company,[TEST-1773827533574]-CONTRACT-EMP Contract Test Employee,1,0,Jinasena_MasterData_HR.hr_job_software_engineer,Software Engineer,0112 687 916,,test.1773827533575@test.example.com,Jinasena_MasterData_Common.res_partner_test_1773827533574_contract_emp_contract,,,,,,,,,,single,,,0,,,,other,,,,,0,employee,,,,1,,0.0,0.0,df32914a-1523-4384-a984-e1ef4f3ee6f9,,,0.0,0.0,0.0
hr_employee_test_1773827571383_contract_emp_contract,base.main_company,[TEST-1773827571383]-CONTRACT-EMP Contract Test Employee,1,0,,,0112 687 916,,test.1773827571383@test.example.com,Jinasena_MasterData_Common.res_partner_test_1773827571383_contract_emp_contract,,,,,,,,,,single,,,0,,,,other,,,,,0,employee,,,,1,,0.0,0.0,251ac4bd-cf24-46ec-9f14-b688669e59b1,,,0.0,0.0,0.0
hr_employee_test_1773827610433_contract_emp_contract,base.main_company,[TEST-1773827610433]-CONTRACT-EMP Contract Test Employee,1,0,,,0112 687 916,,test.1773827610433@test.example.com,Jinasena_MasterData_Common.res_partner_test_1773827610433_contract_emp_contract,,,,,,,,,,single,,,0,,,,other,,,,,0,employee,,,,1,,0.0,0.0,39793397-bfb3-4068-a74b-d1bb27fd74d5,,,0.0,0.0,0.0
hr_employee_test_1773827648009_contract_emp_contract,base.main_company,[TEST-1773827648009]-CONTRACT-EMP Contract Test Employee,1,0,,,0112 687 916,,test.1773827648009@test.example.com,Jinasena_MasterData_Common.res_partner_test_1773827648009_contract_emp_contract,,,,,,,,,,single,,,0,,,,other,,,,,0,employee,,,,1,,0.0,0.0,2f87d42e-7dfe-460c-a5a2-cb8ba362d3fe,,,0.0,0.0,0.0
hr_employee_test_1773827687284_con_edge_emp_contract,base.main_company,[TEST-1773827687284]-CON-EDGE-EMP Contract Edge Employee,1,0,Jinasena_MasterData_HR.hr_job_software_engineer,Software Engineer,0112 687 916,,test.1773827687284@test.example.com,Jinasena_MasterData_Common.res_partner_test_1773827687284_con_edge_emp_contract,,,,,,,,,,single,,,0,,,,other,,,,,0,employee,,,,1,,0.0,0.0,53ac17cb-ada6-4717-85e7-206491cb48e5,,,0.0,0.0,0.0
hr_employee_test_1773827725063_con_edge_emp_contract,base.main_company,[TEST-1773827725063]-CON-EDGE-EMP Contract Edge Employee,1,0,Jinasena_MasterData_HR.hr_job_software_engineer,Software Engineer,0112 687 916,,test.1773827725063@test.example.com,Jinasena_MasterData_Common.res_partner_test_1773827725063_con_edge_emp_contract,,,,,,,,,,single,,,0,,,,other,,,,,0,employee,,,,1,,0.0,0.0,be3f671e-eb4f-4bd2-ab53-2c2cade1d55f,,,0.0,0.0,0.0
hr_employee_test_1773827764160_con_edge_emp_contract,base.main_company,[TEST-1773827764160]-CON-EDGE-EMP Contract Edge Employee,1,0,,,0112 687 916,,test.1773827764160@test.example.com,Jinasena_MasterData_Common.res_partner_test_1773827764160_con_edge_emp_contract,,,,,,,,,,single,,,0,,,,other,,,,,0,employee,,,,1,,0.0,0.0,f8d35287-3914-429e-9ab2-85cdda855e8f,,,0.0,0.0,0.0
hr_employee_test_1773827801979_con_edge_emp_contract,base.main_company,[TEST-1773827801979]-CON-EDGE-EMP Contract Edge Employee,1,0,,,0112 687 916,,test.1773827801979@test.example.com,Jinasena_MasterData_Common.res_partner_test_1773827801979_con_edge_emp_contract,,,,,,,,,,single,,,0,,,,other,,,,,0,employee,,,,1,,0.0,0.0,acc7f757-b4f2-4316-8ccf-aa5a72df9f8e,,,0.0,0.0,0.0
hr_employee_test_1773827840842_con_edge_emp_contract,base.main_company,[TEST-1773827840842]-CON-EDGE-EMP Contract Edge Employee,1,0,Jinasena_MasterData_HR.hr_job_software_engineer,Software Engineer,0112 687 916,,test.1773827840842@test.example.com,Jinasena_MasterData_Common.res_partner_test_1773827840842_con_edge_emp_contract,,,,,,,,,,single,,,0,,,,other,,,,,0,employee,,,,1,,0.0,0.0,2a997f24-0d5d-45a3-b2ca-b2f900004960,,,0.0,0.0,0.0
hr_employee_test_1773827878372_con_edge_emp_contract,base.main_company,[TEST-1773827878372]-CON-EDGE-EMP Contract Edge Employee,1,0,,,0112 687 916,,test.1773827878372@test.example.com,Jinasena_MasterData_Common.res_partner_test_1773827878372_con_edge_emp_contract,,,,,,,,,,single,,,0,,,,other,,,,,0,employee,,,,1,,0.0,0.0,13aba756-7ef9-4f5f-98c4-8f4f406bb3b6,,,0.0,0.0,0.0
hr_employee_test_1773827957941_con_edge_emp_contract,base.main_company,[TEST-1773827957941]-CON-EDGE-EMP Contract Edge Employee,1,0,Jinasena_MasterData_HR.hr_job_software_engineer,Software Engineer,0112 687 916,,test.1773827957941@test.example.com,Jinasena_MasterData_Common.res_partner_test_1773827957941_con_edge_emp_contract,,,,,,,,,,single,,,0,,,,other,,,,,0,employee,,,,1,,0.0,0.0,daf65e73-0cb4-4a28-8161-59e034880a0e,,,0.0,0.0,0.0
hr_employee_test_1773827996548_con_edge_emp_contract,base.main_company,[TEST-1773827996548]-CON-EDGE-EMP Contract Edge Employee,1,0,,,0112 687 916,,test.1773827996548@test.example.com,Jinasena_MasterData_Common.res_partner_test_1773827996548_con_edge_emp_contract,,,,,,,,,,single,,,0,,,,other,,,,,0,employee,,,,1,,0.0,0.0,625298db-83d3-4a29-ae5a-2962120103e2,,,0.0,0.0,0.0
hr_employee_test_1773828035440_con_edge_emp_contract,base.main_company,[TEST-1773828035440]-CON-EDGE-EMP Contract Edge Employee,1,0,,,0112 687 916,,test.1773828035440@test.example.com,Jinasena_MasterData_Common.res_partner_test_1773828035440_con_edge_emp_contract,,,,,,,,,,single,,,0,,,,other,,,,,0,employee,,,,1,,0.0,0.0,bb6253f3-5fad-499e-9c4e-474c7f07d6d3,,,0.0,0.0,0.0
hr_employee_test_1773828074141_con_edge_emp_contract,base.main_company,[TEST-1773828074141]-CON-EDGE-EMP Contract Edge Employee,1,0,,,0112 687 916,,test.1773828074141@test.example.com,Jinasena_MasterData_Common.res_partner_test_1773828074141_con_edge_emp_contract,,,,,,,,,,single,,,0,,,,other,,,,,0,employee,,,,1,,0.0,0.0,748a6dbf-ed8c-46be-bfdb-030d4f448df4,,,0.0,0.0,0.0
hr_employee_test_1773828112084_con_edge_emp_contract,base.main_company,[TEST-1773828112084]-CON-EDGE-EMP Contract Edge Employee,1,0,Jinasena_MasterData_HR.hr_job_software_engineer,Software Engineer,0112 687 916,,test.1773828112084@test.example.com,Jinasena_MasterData_Common.res_partner_test_1773828112084_con_edge_emp_contract,,,,,,,,,,single,,,0,,,,other,,,,,0,employee,,,,1,,0.0,0.0,e23bfdea-e288-4cbe-a742-bad84638e173,,,0.0,0.0,0.0
hr_employee_test_1773828150864_con_edge_emp_contract,base.main_company,[TEST-1773828150864]-CON-EDGE-EMP Contract Edge Employee,1,0,,,0112 687 916,,test.1773828150864@test.example.com,Jinasena_MasterData_Common.res_partner_test_1773828150864_con_edge_emp_contract,,,,,,,,,,single,,,0,,,,other,,,,,0,employee,,,,1,,0.0,0.0,2bb83643-214d-4c9a-b238-86c29a933b3b,,,0.0,0.0,0.0
hr_employee_test_1773828188905_con_edge_emp_contract,base.main_company,[TEST-1773828188905]-CON-EDGE-EMP Contract Edge Employee,1,0,Jinasena_MasterData_HR.hr_job_software_engineer,Software Engineer,0112 687 916,,test.1773828188905@test.example.com,Jinasena_MasterData_Common.res_partner_test_1773828188905_con_edge_emp_contract,,,,,,,,,,single,,,0,,,,other,,,,,0,employee,,,,1,,0.0,0.0,d4286215-3f43-4142-ad27-0d134bfd84c7,,,0.0,0.0,0.0
hr_employee_test_1773828227734_con_edge_emp_contract,base.main_company,[TEST-1773828227734]-CON-EDGE-EMP Contract Edge Employee,1,0,Jinasena_MasterData_HR.hr_job_software_engineer,Software Engineer,0112 687 916,,test.1773828227734@test.example.com,Jinasena_MasterData_Common.res_partner_test_1773828227734_con_edge_emp_contract,,,,,,,,,,single,,,0,,,,other,,,,,0,employee,,,,1,,0.0,0.0,8c0c55f0-6beb-4ac6-ae06-497e49499d22,,,0.0,0.0,0.0
hr_employee_test_1773828267205_con_edge_emp_contract,base.main_company,[TEST-1773828267205]-CON-EDGE-EMP Contract Edge Employee,1,0,,,0112 687 916,,test.1773828267205@test.example.com,Jinasena_MasterData_Common.res_partner_test_1773828267205_con_edge_emp_contract,,,,,,,,,,single,,,0,,,,other,,,,,0,employee,,,,1,,0.0,0.0,cf49599b-7f88-430c-a38f-d8b7f0a3d92b,,,0.0,0.0,0.0
hr_employee_test_1773828306193_con_edge_emp_contract,base.main_company,[TEST-1773828306193]-CON-EDGE-EMP Contract Edge Employee,1,0,,,0112 687 916,,test.1773828306193@test.example.com,Jinasena_MasterData_Common.res_partner_test_1773828306193_con_edge_emp_contract,,,,,,,,,,single,,,0,,,,other,,,,,0,employee,,,,1,,0.0,0.0,3bbaccc3-8b92-425e-a07a-47c7130cf1d5,,,0.0,0.0,0.0
hr_employee_test_1773828344020_con_edge_emp_contract,base.main_company,[TEST-1773828344020]-CON-EDGE-EMP Contract Edge Employee,1,0,Jinasena_MasterData_HR.hr_job_software_engineer,Software Engineer,0112 687 916,,test.1773828344020@test.example.com,Jinasena_MasterData_Common.res_partner_test_1773828344020_con_edge_emp_contract,,,,,,,,,,single,,,0,,,,other,,,,,0,employee,,,,1,,0.0,0.0,231978ce-02e7-4af4-99fb-2360a91ac59f,,,0.0,0.0,0.0
hr_employee_test_1773828655503_emp_test_employee,base.main_company,[TEST-1773828655503]-EMP Test Employee,1,0,,,0112 687 916,,test.1773828655503@test.example.com,Jinasena_MasterData_Common.res_partner_test_1773828655503_emp_test_employee,,,,,,,,,,single,,,0,,,,other,,,,,0,employee,,,,1,,0.0,0.0,aaa29704-6ac9-453b-bcf4-a64326326453,,,0.0,0.0,0.0
hr_employee_test_1773828697581_emp_test_employee,base.main_company,[TEST-1773828697581]-EMP Test Employee,1,0,,,0112 687 916,,test.1773828697581@test.example.com,Jinasena_MasterData_Common.res_partner_test_1773828697581_emp_test_employee,,,,,,,,,,single,,,0,,,,other,,,,,0,employee,,,,1,,0.0,0.0,df75a1c4-c55c-4b34-985d-931e684fa8c9,,,0.0,0.0,0.0
hr_employee_test_1773828799194_dupname_duplicate_emp,base.main_company,[TEST-1773828799194]-DUPNAME Duplicate Employee,1,0,,,0112 687 916,,test.1773828799194@test.example.com,Jinasena_MasterData_Common.res_partner_test_1773828799194_dupname_duplicate_emp_7168,,,,,,,,,,single,,,0,,,,other,,,,,0,employee,,,,1,,0.0,0.0,c5f0f40b-4928-438c-929b-ef7418a3ffaa,,,0.0,0.0,0.0
hr_employee_test_1773828834964_emp_test_employee,base.main_company,[TEST-1773828834964]-EMP Test Employee,1,0,,,0112 687 916,,test.1773828834964@test.example.com,Jinasena_MasterData_Common.res_partner_test_1773828834964_emp_test_employee,,,,,,,,,,single,,,0,,,,other,,,,,0,employee,,,,1,,0.0,0.0,17dabd42-200b-4814-9aef-59b1dcc168eb,,,0.0,0.0,0.0
hr_employee_test_1773828895384_xss_script_alert_1_sc,base.main_company,[TEST-1773828895384]-XSS <script>alert(1)</script>,1,0,Jinasena_MasterData_HR.hr_job_software_engineer,Software Engineer,0112 687 916,,test.1773828895384@test.example.com,Jinasena_MasterData_Common.res_partner_test_1773828895384_xss_script_alert_1_sc,,,,,,,,,,single,,,0,,,,other,,,,,0,employee,,,,1,,0.0,0.0,cf1548e0-193b-403f-96dc-ccf6b2fb5e5a,,,0.0,0.0,0.0
hr_employee_test_1773828895384_xss_script_alert_1_sc_588,base.main_company,[TEST-1773828895384]-XSS <script>alert(1)</script>,1,0,Jinasena_MasterData_HR.hr_job_software_engineer,Software Engineer,0112 687 916,,test.1773828895384@test.example.com,Jinasena_MasterData_Common.res_partner_test_1773828895384_xss_script_alert_1_sc_7179,,,,,,,,,,single,,,0,,,,other,,,,,0,employee,,,,1,,0.0,0.0,35d1213b-b986-4573-8471-2fbecaeb05b1,,,0.0,0.0,0.0
hr_employee_test_1773829413449_exp_arch_archived_exp,base.main_company,[TEST-1773829413449]-EXP-ARCH Archived Expense Employee,1,0,,,0112 687 916,,test.1773829413450@test.example.com,Jinasena_MasterData_Common.res_partner_test_1773829413449_exp_arch_archived_exp,,,,,,,,,,single,,,0,,,,other,,,,,0,employee,,,,1,,0.0,0.0,dae0f8c5-2080-4320-b3d7-4d6b9e46b585,,,0.0,0.0,0.0
hr_employee_test_1773829450142_exp_arch_archived_exp,base.main_company,[TEST-1773829450142]-EXP-ARCH Archived Expense Employee,1,0,Jinasena_MasterData_HR.hr_job_software_engineer,Software Engineer,0112 687 916,,test.1773829450142@test.example.com,Jinasena_MasterData_Common.res_partner_test_1773829450142_exp_arch_archived_exp_7183,,,,,,,,,,single,,,0,,,,other,,,,,0,employee,,,,1,,0.0,0.0,3ff71354-bd52-49d1-a26d-b7070426e07a,,,0.0,0.0,0.0
hr_employee_test_1773829450142_exp_arch_archived_exp_593,base.main_company,[TEST-1773829450142]-EXP-ARCH Archived Expense Employee,1,0,Jinasena_MasterData_HR.hr_job_software_engineer,Software Engineer,0112 687 916,,test.1773829450142@test.example.com,Jinasena_MasterData_Common.res_partner_test_1773829450142_exp_arch_archived_exp,,,,,,,,,,single,,,0,,,,other,,,,,0,employee,,,,1,,0.0,0.0,9069b6f2-cafe-4705-987c-e014e8d5d9e6,,,0.0,0.0,0.0
hr_employee_test_1773829622735_leave_emp_leave_test_,base.main_company,[TEST-1773829622735]-LEAVE-EMP Leave Test Employee,1,0,,,0112 687 916,,test.1773829622735@test.example.com,Jinasena_MasterData_Common.res_partner_test_1773829622735_leave_emp_leave_test_,,,,,,,,,,single,,,0,,,,other,,,,,0,employee,,,,1,,0.0,0.0,075deffc-9b0f-44ce-aea5-9f81f72d4e8e,,,0.0,0.0,0.0
hr_employee_test_1773829663620_leave_emp_leave_test_,base.main_company,[TEST-1773829663620]-LEAVE-EMP Leave Test Employee,1,0,Jinasena_MasterData_HR.hr_job_software_engineer,Software Engineer,0112 687 916,,test.1773829663620@test.example.com,Jinasena_MasterData_Common.res_partner_test_1773829663620_leave_emp_leave_test_,,,,,,,,,,single,,,0,,,,other,,,,,0,employee,,,,1,,0.0,0.0,04f9ac3d-08b9-445b-a5d4-e0f8a2dbe750,,,0.0,0.0,0.0
hr_employee_test_1773829705444_leave_emp_leave_test_,base.main_company,[TEST-1773829705444]-LEAVE-EMP Leave Test Employee,1,0,,,0112 687 916,,test.1773829705444@test.example.com,Jinasena_MasterData_Common.res_partner_test_1773829705444_leave_emp_leave_test_,,,,,,,,,,single,,,0,,,,other,,,,,0,employee,,,,1,,0.0,0.0,dbe96f40-c0dc-4e7f-9451-595c095d68ce,,,0.0,0.0,0.0
hr_employee_test_1773829745779_leave_emp_leave_test_,base.main_company,[TEST-1773829745779]-LEAVE-EMP Leave Test Employee,1,0,Jinasena_MasterData_HR.hr_job_software_engineer,Software Engineer,0112 687 916,,test.1773829745779@test.example.com,Jinasena_MasterData_Common.res_partner_test_1773829745779_leave_emp_leave_test_,,,,,,,,,,single,,,0,,,,other,,,,,0,employee,,,,1,,0.0,0.0,8ce47179-eb11-413a-b1b9-e37ba473bd85,,,0.0,0.0,0.0
hr_employee_test_1773829788287_leave_emp_leave_test_,base.main_company,[TEST-1773829788287]-LEAVE-EMP Leave Test Employee,1,0,,,0112 687 916,,test.1773829788287@test.example.com,Jinasena_MasterData_Common.res_partner_test_1773829788287_leave_emp_leave_test_,,,,,,,,,,single,,,0,,,,other,,,,,0,employee,,,,1,,0.0,0.0,dfcb4923-f4ae-419f-b9f5-41153fcc58d7,,,0.0,0.0,0.0
hr_employee_test_1773829829063_leave_emp_leave_test_,base.main_company,[TEST-1773829829063]-LEAVE-EMP Leave Test Employee,1,0,Jinasena_MasterData_HR.hr_job_software_engineer,Software Engineer,0112 687 916,,test.1773829829063@test.example.com,Jinasena_MasterData_Common.res_partner_test_1773829829063_leave_emp_leave_test_,,,,,,,,,,single,,,0,,,,other,,,,,0,employee,,,,1,,0.0,0.0,d192a664-52fe-4fc0-98ff-4befc460ad39,,,0.0,0.0,0.0
hr_employee_test_1773829870399_leave_emp_leave_test_,base.main_company,[TEST-1773829870399]-LEAVE-EMP Leave Test Employee,1,0,,,0112 687 916,,test.1773829870399@test.example.com,Jinasena_MasterData_Common.res_partner_test_1773829870399_leave_emp_leave_test_,,,,,,,,,,single,,,0,,,,other,,,,,0,employee,,,,1,,0.0,0.0,1894b182-9a98-42e0-b3a4-664c3b72e27a,,,0.0,0.0,0.0
hr_employee_test_1773829910658_leave_emp_leave_test_,base.main_company,[TEST-1773829910658]-LEAVE-EMP Leave Test Employee,1,0,Jinasena_MasterData_HR.hr_job_software_engineer,Software Engineer,0112 687 916,,test.1773829910658@test.example.com,Jinasena_MasterData_Common.res_partner_test_1773829910658_leave_emp_leave_test_,,,,,,,,,,single,,,0,,,,other,,,,,0,employee,,,,1,,0.0,0.0,dbc2ad6d-178c-465f-8815-a14b5d4af03f,,,0.0,0.0,0.0
hr_employee_test_1773829952327_leave_emp_leave_test_,base.main_company,[TEST-1773829952327]-LEAVE-EMP Leave Test Employee,1,0,,,0112 687 916,,test.1773829952327@test.example.com,Jinasena_MasterData_Common.res_partner_test_1773829952327_leave_emp_leave_test_,,,,,,,,,,single,,,0,,,,other,,,,,0,employee,,,,1,,0.0,0.0,49c2f375-f8bb-4880-bfa2-7f8253605d9a,,,0.0,0.0,0.0
hr_employee_test_1773829993141_leave_emp_leave_test_,base.main_company,[TEST-1773829993141]-LEAVE-EMP Leave Test Employee,1,0,Jinasena_MasterData_HR.hr_job_software_engineer,Software Engineer,0112 687 916,,test.1773829993141@test.example.com,Jinasena_MasterData_Common.res_partner_test_1773829993141_leave_emp_leave_test_,,,,,,,,,,single,,,0,,,,other,,,,,0,employee,,,,1,,0.0,0.0,6aff8ea6-a155-4c1d-add6-ab516cb4f067,,,0.0,0.0,0.0
hr_employee_test_1773830035340_leave_emp_leave_test_,base.main_company,[TEST-1773830035340]-LEAVE-EMP Leave Test Employee,1,0,,,0112 687 916,,test.1773830035340@test.example.com,Jinasena_MasterData_Common.res_partner_test_1773830035340_leave_emp_leave_test_,,,,,,,,,,single,,,0,,,,other,,,,,0,employee,,,,1,,0.0,0.0,63a0b9a5-3fc8-46ff-80a4-4cb4221bf127,,,0.0,0.0,0.0
hr_employee_test_1773830079220_leave_emp_leave_test_,base.main_company,[TEST-1773830079220]-LEAVE-EMP Leave Test Employee,1,0,,,0112 687 916,,test.1773830079220@test.example.com,Jinasena_MasterData_Common.res_partner_test_1773830079220_leave_emp_leave_test_,,,,,,,,,,single,,,0,,,,other,,,,,0,employee,,,,1,,0.0,0.0,c319d7a8-ddcb-4415-b1d8-ce283ff59dc4,,,0.0,0.0,0.0
hr_employee_test_1773830120856_leave_emp_leave_test_,base.main_company,[TEST-1773830120856]-LEAVE-EMP Leave Test Employee,1,0,,,0112 687 916,,test.1773830120856@test.example.com,Jinasena_MasterData_Common.res_partner_test_1773830120856_leave_emp_leave_test_,,,,,,,,,,single,,,0,,,,other,,,,,0,employee,,,,1,,0.0,0.0,cf7208fe-4fc0-4065-85b9-56da9c1582c2,,,0.0,0.0,0.0
hr_employee_test_1773830137202_leave_emp_leave_test_,base.main_company,[TEST-1773830137202]-LEAVE-EMP Leave Test Employee,1,0,Jinasena_MasterData_HR.hr_job_software_engineer,Software Engineer,0112 687 916,,test.1773830137203@test.example.com,Jinasena_MasterData_Common.res_partner_test_1773830137202_leave_emp_leave_test_,,,,,,,,,,single,,,0,,,,other,,,,,0,employee,,,,1,,0.0,0.0,1001c899-7e0d-400d-8d92-99766e39827b,,,0.0,0.0,0.0
hr_employee_test_1773830667905_pay_emp_payroll_test_,base.main_company,[TEST-1773830667905]-PAY-EMP Payroll Test Employee,1,0,,,0112 687 916,,test.1773830667905@test.example.com,Jinasena_MasterData_Common.res_partner_test_1773830667905_pay_emp_payroll_test_,,,,,,,,,,single,,,0,,,,other,,,,,0,employee,,,,1,,0.0,0.0,6455f351-6870-4ec5-8ced-9d81dca9871a,,,0.0,0.0,0.0
hr_employee_test_1773830704447_pay_emp_payroll_test_,base.main_company,[TEST-1773830704447]-PAY-EMP Payroll Test Employee,1,0,,,0112 687 916,,test.1773830704447@test.example.com,Jinasena_MasterData_Common.res_partner_test_1773830704447_pay_emp_payroll_test__7200,,,,,,,,,,single,,,0,,,,other,,,,,0,employee,,,,1,,0.0,0.0,d15312ec-a23e-4a96-906d-7d247030c6f5,,,0.0,0.0,0.0
hr_employee_test_1773830704447_pay_emp_payroll_test__610,base.main_company,[TEST-1773830704447]-PAY-EMP Payroll Test Employee,1,0,,,0112 687 916,,test.1773830704447@test.example.com,Jinasena_MasterData_Common.res_partner_test_1773830704447_pay_emp_payroll_test_,,,,,,,,,,single,,,0,,,,other,,,,,0,employee,,,,1,,0.0,0.0,25fabe83-246f-4799-a7cb-4cc38962fd34,,,0.0,0.0,0.0
hr_employee_test_1773830742259_no_contract_no_contra,base.main_company,[TEST-1773830742259]-NO-CONTRACT No Contract Employee,1,0,,,0112 687 916,,test.1773830742259@test.example.com,Jinasena_MasterData_Common.res_partner_test_1773830742259_no_contract_no_contra_7202,,,,,,,,,,single,,,0,,,,other,,,,,0,employee,,,,1,,0.0,0.0,e0bd23c7-ce6d-4e67-8ad5-c6b47cf2ee7f,,,0.0,0.0,0.0
hr_employee_test_1773830742259_no_contract_no_contra_612,base.main_company,[TEST-1773830742259]-NO-CONTRACT No Contract Employee,1,0,,,0112 687 916,,test.1773830742259@test.example.com,Jinasena_MasterData_Common.res_partner_test_1773830742259_no_contract_no_contra,,,,,,,,,,single,,,0,,,,other,,,,,0,employee,,,,1,,0.0,0.0,5e62ac85-10b6-46c8-b397-26e2710b1e9b,,,0.0,0.0,0.0
hr_employee_test_1773830778420_no_contract_no_contra,base.main_company,[TEST-1773830778420]-NO-CONTRACT No Contract Employee,1,0,,,0112 687 916,,test.1773830778420@test.example.com,Jinasena_MasterData_Common.res_partner_test_1773830778420_no_contract_no_contra,,,,,,,,,,single,,,0,,,,other,,,,,0,employee,,,,1,,0.0,0.0,8c10a19b-01e7-43ad-9221-ce7f50241416,,,0.0,0.0,0.0
hr_employee_test_1773830892682_confirm_pay_confirm_p,base.main_company,[TEST-1773830892682]-CONFIRM-PAY Confirm Payslip Emp,1,0,,,0112 687 916,,test.1773830892682@test.example.com,Jinasena_MasterData_Common.res_partner_test_1773830892682_confirm_pay_confirm_p_7207,,,,,,,,,,single,,,0,,,,other,,,,,0,employee,,,,1,,0.0,0.0,bac6872a-7009-474f-80a6-f6c875bddd30,,,0.0,0.0,0.0
hr_employee_test_1773830892682_confirm_pay_confirm_p_617,base.main_company,[TEST-1773830892682]-CONFIRM-PAY Confirm Payslip Emp,1,0,,,0112 687 916,,test.1773830892682@test.example.com,Jinasena_MasterData_Common.res_partner_test_1773830892682_confirm_pay_confirm_p,,,,,,,,,,single,,,0,,,,other,,,,,0,employee,,,,1,,0.0,0.0,f3c12ceb-18c8-4464-ba52-f0eba3e9bd09,,,0.0,0.0,0.0
hr_employee_test_1773830929528_confirm_pay_confirm_p,base.main_company,[TEST-1773830929528]-CONFIRM-PAY Confirm Payslip Emp,1,0,,,0112 687 916,,test.1773830929528@test.example.com,Jinasena_MasterData_Common.res_partner_test_1773830929528_confirm_pay_confirm_p_7209,,,,,,,,,,single,,,0,,,,other,,,,,0,employee,,,,1,,0.0,0.0,05a08673-c029-4b6a-b201-6eb4005ef734,,,0.0,0.0,0.0
hr_employee_test_1773830929528_confirm_pay_confirm_p_619,base.main_company,[TEST-1773830929528]-CONFIRM-PAY Confirm Payslip Emp,1,0,,,0112 687 916,,test.1773830929528@test.example.com,Jinasena_MasterData_Common.res_partner_test_1773830929528_confirm_pay_confirm_p,,,,,,,,,,single,,,0,,,,other,,,,,0,employee,,,,1,,0.0,0.0,e2e6510d-556b-428e-9563-4a515eccaa10,,,0.0,0.0,0.0
hr_employee_test_1773831034441_dup_pay_duplicate_pay,base.main_company,[TEST-1773831034441]-DUP-PAY Duplicate Payslip Emp,1,0,,,0112 687 916,,test.1773831034441@test.example.com,Jinasena_MasterData_Common.res_partner_test_1773831034441_dup_pay_duplicate_pay,,,,,,,,,,single,,,0,,,,other,,,,,0,employee,,,,1,,0.0,0.0,8cf30452-3714-458e-8d96-4adfd11616ce,,,0.0,0.0,0.0
hr_employee_test_1773831034441_dup_pay_duplicate_pay_620,base.main_company,[TEST-1773831034441]-DUP-PAY Duplicate Payslip Emp,1,0,,,0112 687 916,,test.1773831034441@test.example.com,Jinasena_MasterData_Common.res_partner_test_1773831034441_dup_pay_duplicate_pay_7211,,,,,,,,,,single,,,0,,,,other,,,,,0,employee,,,,1,,0.0,0.0,fdc00a9b-d815-4ec0-8498-6384aa6dd6db,,,0.0,0.0,0.0
hr_employee_test_1773831071299_dup_pay_duplicate_pay,base.main_company,[TEST-1773831071299]-DUP-PAY Duplicate Payslip Emp,1,0,Jinasena_MasterData_HR.hr_job_software_engineer,Software Engineer,0112 687 916,,test.1773831071299@test.example.com,Jinasena_MasterData_Common.res_partner_test_1773831071299_dup_pay_duplicate_pay,,,,,,,,,,single,,,0,,,,other,,,,,0,employee,,,,1,,0.0,0.0,60e9e760-0052-48a3-ad56-0b525a82fc2c,,,0.0,0.0,0.0
hr_employee_test_1773831071299_dup_pay_duplicate_pay_622,base.main_company,[TEST-1773831071299]-DUP-PAY Duplicate Payslip Emp,1,0,Jinasena_MasterData_HR.hr_job_software_engineer,Software Engineer,0112 687 916,,test.1773831071299@test.example.com,Jinasena_MasterData_Common.res_partner_test_1773831071299_dup_pay_duplicate_pay_7213,,,,,,,,,,single,,,0,,,,other,,,,,0,employee,,,,1,,0.0,0.0,84a2d406-dd9c-4400-9297-be8daaf6ede1,,,0.0,0.0,0.0
hr_employee_test_1773890779160_emp_test_employee,base.main_company,[TEST-1773890779160]-EMP Test Employee,1,0,,,0112 687 916,,test.1773890779160@test.example.com,Jinasena_MasterData_Common.res_partner_test_1773890779160_emp_test_employee,,,,,,,,,,single,,,0,,,,other,,,,,0,employee,,,,1,,0.0,0.0,d167758d-f5d7-4131-b018-b33f82852d6d,,,0.0,0.0,0.0
hr_employee_test_1773890782418_emp_test_employee,base.main_company,[TEST-1773890782418]-EMP Test Employee,1,0,Jinasena_MasterData_HR.hr_job_software_engineer,Software Engineer,0112 687 916,,test.1773890782418@test.example.com,Jinasena_MasterData_Common.res_partner_test_1773890782418_emp_test_employee,,,,,,,,,,single,,,0,,,,other,,,,,0,employee,,,,1,,0.0,0.0,997c5f99-e3c0-4b9b-8bf7-dcebb50dd3ed,,,0.0,0.0,0.0
hr_employee_test_1773890866553_dupname_duplicate_emp,base.main_company,[TEST-1773890866553]-DUPNAME Duplicate Employee,1,0,,,0112 687 916,,test.1773890866553@test.example.com,Jinasena_MasterData_Common.res_partner_test_1773890866553_dupname_duplicate_emp_7225,,,,,,,,,,single,,,0,,,,other,,,,,0,employee,,,,1,,0.0,0.0,2cc84f0f-ea06-4962-ade9-d3db972d47dd,,,0.0,0.0,0.0
hr_employee_test_1773890899028_emp_test_employee,base.main_company,[TEST-1773890899028]-EMP Test Employee,1,0,Jinasena_MasterData_HR.hr_job_software_engineer,Software Engineer,0112 687 916,,test.1773890899028@test.example.com,Jinasena_MasterData_Common.res_partner_test_1773890899028_emp_test_employee,,,,,,,,,,single,,,0,,,,other,,,,,0,employee,,,,1,,0.0,0.0,8d11cdcd-022f-416b-923b-03874110d58c,,,0.0,0.0,0.0
hr_employee_test_1773890952830_xss_script_alert_1_sc,base.main_company,[TEST-1773890952830]-XSS <script>alert(1)</script>,1,0,Jinasena_MasterData_HR.hr_job_software_engineer,Software Engineer,0112 687 916,,test.1773890952830@test.example.com,Jinasena_MasterData_Common.res_partner_test_1773890952830_xss_script_alert_1_sc_7236,,,,,,,,,,single,,,0,,,,other,,,,,0,employee,,,,1,,0.0,0.0,2a271480-143a-4866-ad65-388a4d1bd9fd,,,0.0,0.0,0.0
hr_employee_test_1773890952830_xss_script_alert_1_sc_646,base.main_company,[TEST-1773890952830]-XSS <script>alert(1)</script>,1,0,Jinasena_MasterData_HR.hr_job_software_engineer,Software Engineer,0112 687 916,,test.1773890952830@test.example.com,Jinasena_MasterData_Common.res_partner_test_1773890952830_xss_script_alert_1_sc,,,,,,,,,,single,,,0,,,,other,,,,,0,employee,,,,1,,0.0,0.0,2f6b1eff-4d4f-4f04-96d1-87fe4b8c5ade,,,0.0,0.0,0.0
hr_employee_test_1773891452845_att_emp_attendance_em,base.main_company,[TEST-1773891452845]-ATT-EMP Attendance Employee,1,0,,,0112 687 916,,test.1773891452845@test.example.com,Jinasena_MasterData_Common.res_partner_test_1773891452845_att_emp_attendance_em,,,,,,,,,,single,,,0,,,,other,,,,,0,employee,,,,1,,0.0,0.0,7f9653d6-fabb-4b33-9497-463b646f788f,,,0.0,0.0,0.0
hr_employee_test_1773891475978_att_emp_attendance_em,base.main_company,[TEST-1773891475978]-ATT-EMP Attendance Employee,1,0,Jinasena_MasterData_HR.hr_job_software_engineer,Software Engineer,0112 687 916,,test.1773891475978@test.example.com,Jinasena_MasterData_Common.res_partner_test_1773891475978_att_emp_attendance_em,,,,,,,,,,single,,,0,,,,other,,,,,0,employee,,,,1,,0.0,0.0,17a91835-dd4f-4919-a2c3-e4fe7fce4255,,,0.0,0.0,0.0
hr_employee_test_1773891515365_att_emp_attendance_em,base.main_company,[TEST-1773891515365]-ATT-EMP Attendance Employee,1,0,,,0112 687 916,,test.1773891515365@test.example.com,Jinasena_MasterData_Common.res_partner_test_1773891515365_att_emp_attendance_em,,,,,,,,,,single,,,0,,,,other,,,,,0,employee,,,,1,,0.0,0.0,6096bb15-8f54-4983-9d99-f8f95f7429af,,,0.0,0.0,0.0
hr_employee_test_1773891537523_att_emp_attendance_em,base.main_company,[TEST-1773891537523]-ATT-EMP Attendance Employee,1,0,Jinasena_MasterData_HR.hr_job_software_engineer,Software Engineer,0112 687 916,,test.1773891537523@test.example.com,Jinasena_MasterData_Common.res_partner_test_1773891537523_att_emp_attendance_em,,,,,,,,,,single,,,0,,,,other,,,,,0,employee,,,,1,,0.0,0.0,6cc020c4-6b24-4c06-9a8d-0e2c4591e96a,,,0.0,0.0,0.0
hr_employee_test_1773891577097_att_emp_attendance_em,base.main_company,[TEST-1773891577097]-ATT-EMP Attendance Employee,1,0,Jinasena_MasterData_HR.hr_job_software_engineer,Software Engineer,0112 687 916,,test.1773891577097@test.example.com,Jinasena_MasterData_Common.res_partner_test_1773891577097_att_emp_attendance_em,,,,,,,,,,single,,,0,,,,other,,,,,0,employee,,,,1,,0.0,0.0,0a778ba0-3eb4-482b-9e84-d9f58a3db584,,,0.0,0.0,0.0
hr_employee_test_1773891604135_att_emp_attendance_em,base.main_company,[TEST-1773891604135]-ATT-EMP Attendance Employee,1,0,Jinasena_MasterData_HR.hr_job_software_engineer,Software Engineer,0112 687 916,,test.1773891604135@test.example.com,Jinasena_MasterData_Common.res_partner_test_1773891604135_att_emp_attendance_em,,,,,,,,,,single,,,0,,,,other,,,,,0,employee,,,,1,,0.0,0.0,f2e8f86c-a1e6-4abb-a63c-9bdb562610c6,,,0.0,0.0,0.0
hr_employee_test_1773891643178_att_edge_attendance_e,base.main_company,[TEST-1773891643178]-ATT-EDGE Attendance Edge Employee,1,0,,,0112 687 916,,test.1773891643178@test.example.com,Jinasena_MasterData_Common.res_partner_test_1773891643178_att_edge_attendance_e,,,,,,,,,,single,,,0,,,,other,,,,,0,employee,,,,1,,0.0,0.0,dce14885-dc86-451c-b1fa-0d436e33a00a,,,0.0,0.0,0.0
hr_employee_test_1773891667094_att_edge_attendance_e,base.main_company,[TEST-1773891667094]-ATT-EDGE Attendance Edge Employee,1,0,Jinasena_MasterData_HR.hr_job_software_engineer,Software Engineer,0112 687 916,,test.1773891667094@test.example.com,Jinasena_MasterData_Common.res_partner_test_1773891667094_att_edge_attendance_e,,,,,,,,,,single,,,0,,,,other,,,,,0,employee,,,,1,,0.0,0.0,55967f4f-c521-4b3f-86d5-8ac2039e2a69,,,0.0,0.0,0.0
hr_employee_test_1773891691494_att_edge_attendance_e,base.main_company,[TEST-1773891691494]-ATT-EDGE Attendance Edge Employee,1,0,,,0112 687 916,,test.1773891691494@test.example.com,Jinasena_MasterData_Common.res_partner_test_1773891691494_att_edge_attendance_e,,,,,,,,,,single,,,0,,,,other,,,,,0,employee,,,,1,,0.0,0.0,2dc26172-17a6-4523-b6cd-8b9a3ca65dd0,,,0.0,0.0,0.0
hr_employee_test_1773891714527_att_edge_attendance_e,base.main_company,[TEST-1773891714527]-ATT-EDGE Attendance Edge Employee,1,0,Jinasena_MasterData_HR.hr_job_software_engineer,Software Engineer,0112 687 916,,test.1773891714527@test.example.com,Jinasena_MasterData_Common.res_partner_test_1773891714527_att_edge_attendance_e,,,,,,,,,,single,,,0,,,,other,,,,,0,employee,,,,1,,0.0,0.0,cdcaab4b-f52d-49ef-bedc-1bb8bcd400a8,,,0.0,0.0,0.0
hr_employee_test_1773891755598_att_edge_attendance_e,base.main_company,[TEST-1773891755598]-ATT-EDGE Attendance Edge Employee,1,0,Jinasena_MasterData_HR.hr_job_software_engineer,Software Engineer,0112 687 916,,test.1773891755598@test.example.com,Jinasena_MasterData_Common.res_partner_test_1773891755598_att_edge_attendance_e,,,,,,,,,,single,,,0,,,,other,,,,,0,employee,,,,1,,0.0,0.0,466e03b6-6619-4798-a9e2-d36c0f0bf192,,,0.0,0.0,0.0
hr_employee_test_1773891782840_att_edge_attendance_e,base.main_company,[TEST-1773891782840]-ATT-EDGE Attendance Edge Employee,1,0,,,0112 687 916,,test.1773891782840@test.example.com,Jinasena_MasterData_Common.res_partner_test_1773891782840_att_edge_attendance_e,,,,,,,,,,single,,,0,,,,other,,,,,0,employee,,,,1,,0.0,0.0,c1775b1f-80c8-4617-90af-02434373c652,,,0.0,0.0,0.0
hr_employee_test_1773891827815_att_edge_attendance_e,base.main_company,[TEST-1773891827815]-ATT-EDGE Attendance Edge Employee,1,0,Jinasena_MasterData_HR.hr_job_software_engineer,Software Engineer,0112 687 916,,test.1773891827815@test.example.com,Jinasena_MasterData_Common.res_partner_test_1773891827815_att_edge_attendance_e,,,,,,,,,,single,,,0,,,,other,,,,,0,employee,,,,1,,0.0,0.0,0611bfa0-efdf-4066-a61b-096e64817b9d,,,0.0,0.0,0.0
hr_employee_test_1773891850471_att_edge_attendance_e,base.main_company,[TEST-1773891850471]-ATT-EDGE Attendance Edge Employee,1,0,,,0112 687 916,,test.1773891850471@test.example.com,Jinasena_MasterData_Common.res_partner_test_1773891850471_att_edge_attendance_e,,,,,,,,,,single,,,0,,,,other,,,,,0,employee,,,,1,,0.0,0.0,508ae444-9c78-429b-95de-985deb620d1e,,,0.0,0.0,0.0
hr_employee_test_1773892147235_att_emp_attendance_em,base.main_company,[TEST-1773892147235]-ATT-EMP Attendance Employee,1,0,Jinasena_MasterData_HR.hr_job_software_engineer,Software Engineer,0112 687 916,,test.1773892147235@test.example.com,Jinasena_MasterData_Common.res_partner_test_1773892147235_att_emp_attendance_em,,,,,,,,,,single,,,0,,,,other,,,,,0,employee,,,,1,,0.0,0.0,48bf1b0c-572b-437c-915c-39fa43ea9769,,,0.0,0.0,0.0
hr_employee_test_1773892169859_att_emp_attendance_em,base.main_company,[TEST-1773892169859]-ATT-EMP Attendance Employee,1,0,Jinasena_MasterData_HR.hr_job_software_engineer,Software Engineer,0112 687 916,,test.1773892169859@test.example.com,Jinasena_MasterData_Common.res_partner_test_1773892169859_att_emp_attendance_em,,,,,,,,,,single,,,0,,,,other,,,,,0,employee,,,,1,,0.0,0.0,ed241b65-f90b-499e-b6c5-ad8b3881b7d0,,,0.0,0.0,0.0
hr_employee_test_1773892210401_att_emp_attendance_em,base.main_company,[TEST-1773892210401]-ATT-EMP Attendance Employee,1,0,Jinasena_MasterData_HR.hr_job_software_engineer,Software Engineer,0112 687 916,,test.1773892210401@test.example.com,Jinasena_MasterData_Common.res_partner_test_1773892210401_att_emp_attendance_em,,,,,,,,,,single,,,0,,,,other,,,,,0,employee,,,,1,,0.0,0.0,891e5202-853f-4404-8651-0ca01ecbc14d,,,0.0,0.0,0.0
hr_employee_test_1773892233023_att_emp_attendance_em,base.main_company,[TEST-1773892233023]-ATT-EMP Attendance Employee,1,0,Jinasena_MasterData_HR.hr_job_software_engineer,Software Engineer,0112 687 916,,test.1773892233023@test.example.com,Jinasena_MasterData_Common.res_partner_test_1773892233023_att_emp_attendance_em,,,,,,,,,,single,,,0,,,,other,,,,,0,employee,,,,1,,0.0,0.0,1c281d6c-b5e8-40fd-b664-8c4b6e573279,,,0.0,0.0,0.0
hr_employee_test_1773892273035_att_emp_attendance_em,base.main_company,[TEST-1773892273035]-ATT-EMP Attendance Employee,1,0,Jinasena_MasterData_HR.hr_job_software_engineer,Software Engineer,0112 687 916,,test.1773892273035@test.example.com,Jinasena_MasterData_Common.res_partner_test_1773892273035_att_emp_attendance_em,,,,,,,,,,single,,,0,,,,other,,,,,0,employee,,,,1,,0.0,0.0,3bf49907-4c0f-4576-b9dd-503a6a9e165a,,,0.0,0.0,0.0
hr_employee_test_1773892298699_att_emp_attendance_em,base.main_company,[TEST-1773892298699]-ATT-EMP Attendance Employee,1,0,Jinasena_MasterData_HR.hr_job_software_engineer,Software Engineer,0112 687 916,,test.1773892298699@test.example.com,Jinasena_MasterData_Common.res_partner_test_1773892298699_att_emp_attendance_em,,,,,,,,,,single,,,0,,,,other,,,,,0,employee,,,,1,,0.0,0.0,44d5d7d5-c0c6-4626-b889-db4cac1f3c3c,,,0.0,0.0,0.0
hr_employee_test_1773892670875_att_emp_attendance_em,base.main_company,[TEST-1773892670875]-ATT-EMP Attendance Employee,1,0,,,0112 687 916,,test.1773892670875@test.example.com,Jinasena_MasterData_Common.res_partner_test_1773892670875_att_emp_attendance_em,,,,,,,,,,single,,,0,,,,other,,,,,0,employee,,,,1,,0.0,0.0,ffe88314-a785-451c-aa16-88dbf2beede3,,,0.0,0.0,0.0
hr_employee_test_1773892708034_att_emp_attendance_em,base.main_company,[TEST-1773892708034]-ATT-EMP Attendance Employee,1,0,Jinasena_MasterData_HR.hr_job_software_engineer,Software Engineer,0112 687 916,,test.1773892708034@test.example.com,Jinasena_MasterData_Common.res_partner_test_1773892708034_att_emp_attendance_em,,,,,,,,,,single,,,0,,,,other,,,,,0,employee,,,,1,,0.0,0.0,aea9d1d8-3186-4619-922d-4165e08f95a5,,,0.0,0.0,0.0
hr_employee_test_1773892751993_att_emp_attendance_em,base.main_company,[TEST-1773892751993]-ATT-EMP Attendance Employee,1,0,,,0112 687 916,,test.1773892751993@test.example.com,Jinasena_MasterData_Common.res_partner_test_1773892751993_att_emp_attendance_em,,,,,,,,,,single,,,0,,,,other,,,,,0,employee,,,,1,,0.0,0.0,8445a67b-8fac-4b2d-bb91-be33ad8210ac,,,0.0,0.0,0.0
hr_employee_test_1773892798341_att_emp_attendance_em,base.main_company,[TEST-1773892798341]-ATT-EMP Attendance Employee,1,0,,,0112 687 916,,test.1773892798341@test.example.com,Jinasena_MasterData_Common.res_partner_test_1773892798341_att_emp_attendance_em,,,,,,,,,,single,,,0,,,,other,,,,,0,employee,,,,1,,0.0,0.0,177f51a6-4aff-4c65-8a38-3b2edaa8247b,,,0.0,0.0,0.0
hr_employee_test_1773892820414_att_edge_attendance_e,base.main_company,[TEST-1773892820414]-ATT-EDGE Attendance Edge Employee,1,0,,,0112 687 916,,test.1773892820414@test.example.com,Jinasena_MasterData_Common.res_partner_test_1773892820414_att_edge_attendance_e,,,,,,,,,,single,,,0,,,,other,,,,,0,employee,,,,1,,0.0,0.0,57334806-a177-445e-aedc-7c7b7d99cfe5,,,0.0,0.0,0.0
hr_employee_test_1773892857651_att_edge_attendance_e,base.main_company,[TEST-1773892857651]-ATT-EDGE Attendance Edge Employee,1,0,Jinasena_MasterData_HR.hr_job_software_engineer,Software Engineer,0112 687 916,,test.1773892857651@test.example.com,Jinasena_MasterData_Common.res_partner_test_1773892857651_att_edge_attendance_e,,,,,,,,,,single,,,0,,,,other,,,,,0,employee,,,,1,,0.0,0.0,5a3aa679-648f-4f33-a347-ed8ead09716c,,,0.0,0.0,0.0
hr_employee_test_1773892895975_att_edge_attendance_e,base.main_company,[TEST-1773892895975]-ATT-EDGE Attendance Edge Employee,1,0,Jinasena_MasterData_HR.hr_job_software_engineer,Software Engineer,0112 687 916,,test.1773892895975@test.example.com,Jinasena_MasterData_Common.res_partner_test_1773892895975_att_edge_attendance_e,,,,,,,,,,single,,,0,,,,other,,,,,0,employee,,,,1,,0.0,0.0,0e3e4f44-7ce2-47b8-9071-8577726ab5b3,,,0.0,0.0,0.0
hr_employee_test_1773892933014_att_edge_attendance_e,base.main_company,[TEST-1773892933014]-ATT-EDGE Attendance Edge Employee,1,0,,,0112 687 916,,test.1773892933014@test.example.com,Jinasena_MasterData_Common.res_partner_test_1773892933014_att_edge_attendance_e,,,,,,,,,,single,,,0,,,,other,,,,,0,employee,,,,1,,0.0,0.0,33e9bcd2-33a4-4e58-8272-7468fd74eca3,,,0.0,0.0,0.0
hr_employee_test_1773892971493_att_edge_attendance_e,base.main_company,[TEST-1773892971493]-ATT-EDGE Attendance Edge Employee,1,0,,,0112 687 916,,test.1773892971493@test.example.com,Jinasena_MasterData_Common.res_partner_test_1773892971493_att_edge_attendance_e,,,,,,,,,,single,,,0,,,,other,,,,,0,employee,,,,1,,0.0,0.0,f7ee9a5b-84e4-4d84-83c4-8071ba007e8b,,,0.0,0.0,0.0
hr_employee_test_1773893014133_att_edge_attendance_e,base.main_company,[TEST-1773893014133]-ATT-EDGE Attendance Edge Employee,1,0,,,0112 687 916,,test.1773893014133@test.example.com,Jinasena_MasterData_Common.res_partner_test_1773893014133_att_edge_attendance_e,,,,,,,,,,single,,,0,,,,other,,,,,0,employee,,,,1,,0.0,0.0,77d44e51-de6d-4469-99fe-fa2df3b3a4e4,,,0.0,0.0,0.0
hr_employee_test_1773893058370_att_edge_attendance_e,base.main_company,[TEST-1773893058370]-ATT-EDGE Attendance Edge Employee,1,0,Jinasena_MasterData_HR.hr_job_software_engineer,Software Engineer,0112 687 916,,test.1773893058370@test.example.com,Jinasena_MasterData_Common.res_partner_test_1773893058370_att_edge_attendance_e,,,,,,,,,,single,,,0,,,,other,,,,,0,employee,,,,1,,0.0,0.0,96b27d1d-bcb3-4ad1-9563-76b554c4012e,,,0.0,0.0,0.0
hr_employee_test_1773893095582_att_edge_attendance_e,base.main_company,[TEST-1773893095582]-ATT-EDGE Attendance Edge Employee,1,0,Jinasena_MasterData_HR.hr_job_software_engineer,Software Engineer,0112 687 916,,test.1773893095582@test.example.com,Jinasena_MasterData_Common.res_partner_test_1773893095582_att_edge_attendance_e,,,,,,,,,,single,,,0,,,,other,,,,,0,employee,,,,1,,0.0,0.0,19c83879-2030-4b8f-adac-25aed38b4e18,,,0.0,0.0,0.0
hr_employee_test_1773894078917_att_emp_attendance_em,base.main_company,[TEST-1773894078917]-ATT-EMP Attendance Employee,1,0,Jinasena_MasterData_HR.hr_job_software_engineer,Software Engineer,0112 687 916,,test.1773894078917@test.example.com,Jinasena_MasterData_Common.res_partner_test_1773894078917_att_emp_attendance_em,,,,,,,,,,single,,,0,,,,other,,,,,0,employee,,,,1,,0.0,15.0,75a4a2cd-181f-4a2a-8a16-3f0b5be7765b,,,0.0,0.0,0.0
hr_employee_test_1773894102278_att_edge_attendance_e,base.main_company,[TEST-1773894102278]-ATT-EDGE Attendance Edge Employee,1,0,,,0112 687 916,,,Jinasena_MasterData_Common.res_partner_test_1773894102278_att_edge_attendance_e,,,,,,,,,,single,,,0,,,,other,,,,,0,employee,,,,1,,0.0,15.0,cddd6b76-dded-46a7-8d9f-7a6aa4e645cc,,,0.0,0.0,0.0
hr_employee_test_1773894584040_att_emp_attendance_em,base.main_company,[TEST-1773894584040]-ATT-EMP Attendance Employee,1,0,,,0112 687 916,,test.1773894584041@test.example.com,Jinasena_MasterData_Common.res_partner_test_1773894584040_att_emp_attendance_em,,,,,,,,,,single,,,0,,,,other,,,,,0,employee,,,,1,,0.0,0.0,c4515400-63dd-41ce-b58a-7c004cd73c95,,,0.0,0.0,0.0
hr_employee_test_1773894653418_att_emp_attendance_em,base.main_company,[TEST-1773894653418]-ATT-EMP Attendance Employee,1,0,Jinasena_MasterData_HR.hr_job_software_engineer,Software Engineer,0112 687 916,,test.1773894653419@test.example.com,Jinasena_MasterData_Common.res_partner_test_1773894653418_att_emp_attendance_em,,,,,,,,,,single,,,0,,,,other,,,,,0,employee,,,,1,,0.0,0.0,148329fe-318c-4506-9c8b-d6a17f5cd46a,,,0.0,0.0,0.0
hr_employee_test_1773894725214_att_emp_attendance_em,base.main_company,[TEST-1773894725214]-ATT-EMP Attendance Employee,1,0,Jinasena_MasterData_HR.hr_job_software_engineer,Software Engineer,0112 687 916,,test.1773894725214@test.example.com,Jinasena_MasterData_Common.res_partner_test_1773894725214_att_emp_attendance_em,,,,,,,,,,single,,,0,,,,other,,,,,0,employee,,,,1,,0.0,0.0,f6c03789-80bc-42fc-8851-1687a9c64b31,,,0.0,0.0,0.0
hr_employee_test_1773894797231_att_emp_attendance_em,base.main_company,[TEST-1773894797231]-ATT-EMP Attendance Employee,1,0,Jinasena_MasterData_HR.hr_job_software_engineer,Software Engineer,0112 687 916,,test.1773894797231@test.example.com,Jinasena_MasterData_Common.res_partner_test_1773894797231_att_emp_attendance_em,,,,,,,,,,single,,,0,,,,other,,,,,0,employee,,,,1,,0.0,0.0,cff30161-9efe-4173-aa66-fc920b629e29,,,0.0,0.0,0.0
hr_employee_test_1773894871827_att_emp_attendance_em,base.main_company,[TEST-1773894871827]-ATT-EMP Attendance Employee,1,0,,,0112 687 916,,test.1773894871827@test.example.com,Jinasena_MasterData_Common.res_partner_test_1773894871827_att_emp_attendance_em,,,,,,,,,,single,,,0,,,,other,,,,,0,employee,,,,1,,0.0,0.0,ed98ada0-d576-4b49-b89a-9c0f6d15ad28,,,0.0,0.0,0.0
hr_employee_test_1773894941773_att_emp_attendance_em,base.main_company,[TEST-1773894941773]-ATT-EMP Attendance Employee,1,0,Jinasena_MasterData_HR.hr_job_software_engineer,Software Engineer,0112 687 916,,test.1773894941773@test.example.com,Jinasena_MasterData_Common.res_partner_test_1773894941773_att_emp_attendance_em,,,,,,,,,,single,,,0,,,,other,,,,,0,employee,,,,1,,0.0,0.0,c142a818-1018-46df-be43-c01126daa066,,,0.0,0.0,0.0
hr_employee_test_1773895372944_att_emp_attendance_em,base.main_company,[TEST-1773895372944]-ATT-EMP Attendance Employee,1,0,,,0112 687 916,,test.1773895372944@test.example.com,Jinasena_MasterData_Common.res_partner_test_1773895372944_att_emp_attendance_em,,,,,,,,,,single,,,0,,,,other,,,,,0,employee,,,,1,,0.0,0.0,6056aca4-a9b6-470f-adc3-ec9c4b50ba52,,,0.0,0.0,0.0
hr_employee_test_1773895440840_att_emp_attendance_em,base.main_company,[TEST-1773895440840]-ATT-EMP Attendance Employee,1,0,Jinasena_MasterData_HR.hr_job_software_engineer,Software Engineer,0112 687 916,,test.1773895440840@test.example.com,Jinasena_MasterData_Common.res_partner_test_1773895440840_att_emp_attendance_em,,,,,,,,,,single,,,0,,,,other,,,,,0,employee,,,,1,,0.0,0.0,871aa059-5eae-469e-8f77-68492f5a9bc4,,,0.0,0.0,0.0
hr_employee_test_1773895508951_att_emp_attendance_em,base.main_company,[TEST-1773895508951]-ATT-EMP Attendance Employee,1,0,Jinasena_MasterData_HR.hr_job_software_engineer,Software Engineer,0112 687 916,,test.1773895508951@test.example.com,Jinasena_MasterData_Common.res_partner_test_1773895508951_att_emp_attendance_em,,,,,,,,,,single,,,0,,,,other,,,,,0,employee,,,,1,,0.0,0.0,eb7d6825-492e-4929-9d3c-fb96462248c5,,,0.0,0.0,0.0
hr_employee_test_1773895576507_att_emp_attendance_em,base.main_company,[TEST-1773895576507]-ATT-EMP Attendance Employee,1,0,Jinasena_MasterData_HR.hr_job_software_engineer,Software Engineer,0112 687 916,,test.1773895576507@test.example.com,Jinasena_MasterData_Common.res_partner_test_1773895576507_att_emp_attendance_em,,,,,,,,,,single,,,0,,,,other,,,,,0,employee,,,,1,,0.0,0.0,f7e8f6e1-5989-406e-bbb0-cf23ce54793d,,,0.0,0.0,0.0
hr_employee_test_1773895645564_att_emp_attendance_em,base.main_company,[TEST-1773895645564]-ATT-EMP Attendance Employee,1,0,Jinasena_MasterData_HR.hr_job_software_engineer,Software Engineer,0112 687 916,,test.1773895645564@test.example.com,Jinasena_MasterData_Common.res_partner_test_1773895645564_att_emp_attendance_em,,,,,,,,,,single,,,0,,,,other,,,,,0,employee,,,,1,,0.0,0.0,a1463d03-18d3-4d5e-b65a-c3c208959279,,,0.0,0.0,0.0
hr_employee_test_1773895716588_att_emp_attendance_em,base.main_company,[TEST-1773895716588]-ATT-EMP Attendance Employee,1,0,Jinasena_MasterData_HR.hr_job_software_engineer,Software Engineer,0112 687 916,,test.1773895716588@test.example.com,Jinasena_MasterData_Common.res_partner_test_1773895716588_att_emp_attendance_em,,,,,,,,,,single,,,0,,,,other,,,,,0,employee,,,,1,,0.0,0.0,df1c1561-558d-4291-8cb9-92361eb7b817,,,0.0,0.0,0.0
hr_employee_test_1773895786250_att_edge_attendance_e,base.main_company,[TEST-1773895786250]-ATT-EDGE Attendance Edge Employee,1,0,,,0112 687 916,,test.1773895786250@test.example.com,Jinasena_MasterData_Common.res_partner_test_1773895786250_att_edge_attendance_e,,,,,,,,,,single,,,0,,,,other,,,,,0,employee,,,,1,,0.0,15.0,d2fa17d8-c3c0-4b8a-9a79-e0f2c8e27d9c,,,0.0,0.0,0.0
hr_employee_test_1773896465232_att_emp_attendance_em,base.main_company,[TEST-1773896465232]-ATT-EMP Attendance Employee,1,0,,,0112 687 916,,test.1773896465232@test.example.com,Jinasena_MasterData_Common.res_partner_test_1773896465232_att_emp_attendance_em,,,,,,,,,,single,,,0,,,,other,,,,,0,employee,,,,1,,0.0,15.0,cf9bd826-a5bc-4220-b18b-362917d60e19,,,0.0,0.0,0.0
hr_employee_test_1773896521765_att_emp_attendance_em,base.main_company,[TEST-1773896521765]-ATT-EMP Attendance Employee,1,0,Jinasena_MasterData_HR.hr_job_software_engineer,Software Engineer,0112 687 916,,test.1773896521765@test.example.com,Jinasena_MasterData_Common.res_partner_test_1773896521765_att_emp_attendance_em,,,,,,,,,,single,,,0,,,,other,,,,,0,employee,,,,1,,0.0,15.0,c2c057f8-f323-4c11-adbd-f90b731b878b,,,0.0,0.0,0.0
hr_employee_test_1773896566046_att_edge_attendance_e,base.main_company,[TEST-1773896566046]-ATT-EDGE Attendance Edge Employee,1,0,,,0112 687 916,,test.1773896566046@test.example.com,Jinasena_MasterData_Common.res_partner_test_1773896566046_att_edge_attendance_e,,,,,,,,,,single,,,0,,,,other,,,,,0,employee,,,,1,,0.0,0.0,1828b93c-5ee0-4e82-afbf-30204f8b057b,,,0.0,0.0,0.0
hr_employee_test_1773897133662_att_emp_attendance_em,base.main_company,[TEST-1773897133662]-ATT-EMP Attendance Employee,1,0,,,0112 687 916,,test.1773897133662@test.example.com,Jinasena_MasterData_Common.res_partner_test_1773897133662_att_emp_attendance_em,,,,,,,,,,single,,,0,,,,other,,,,,0,employee,,,,1,,0.0,15.0,87276a4f-6740-46da-bbd3-9102a1ef5aca,,,0.0,0.0,0.0
hr_employee_test_1773897191229_att_emp_attendance_em,base.main_company,[TEST-1773897191229]-ATT-EMP Attendance Employee,1,0,Jinasena_MasterData_HR.hr_job_software_engineer,Software Engineer,0112 687 916,,test.1773897191229@test.example.com,Jinasena_MasterData_Common.res_partner_test_1773897191229_att_emp_attendance_em,,,,,,,,,,single,,,0,,,,other,,,,,0,employee,,,,1,,0.0,15.0,72f215ec-d4bf-4026-bcbe-a995a75df8c8,,,0.0,0.0,0.0
hr_employee_test_1773897236553_att_edge_attendance_e,base.main_company,[TEST-1773897236553]-ATT-EDGE Attendance Edge Employee,1,0,,,0112 687 916,,test.1773897236553@test.example.com,Jinasena_MasterData_Common.res_partner_test_1773897236553_att_edge_attendance_e,,,,,,,,,,single,,,0,,,,other,,,,,0,employee,,,,1,,0.0,0.0,83d44003-2ca0-427e-a3b0-fab2b71b7242,,,0.0,0.0,0.0
hr_employee_test_1773897537418_att_emp_attendance_em,base.main_company,[TEST-1773897537418]-ATT-EMP Attendance Employee,1,0,,,0112 687 916,,test.1773897537418@test.example.com,Jinasena_MasterData_Common.res_partner_test_1773897537418_att_emp_attendance_em,,,,,,,,,,single,,,0,,,,other,,,,,0,employee,,,,1,,0.0,15.0,ac034405-3da1-4c74-ac9f-f823edcdf207,,,0.0,0.0,0.0
hr_employee_test_1773897593658_att_emp_attendance_em,base.main_company,[TEST-1773897593658]-ATT-EMP Attendance Employee,1,0,Jinasena_MasterData_HR.hr_job_software_engineer,Software Engineer,0112 687 916,,test.1773897593658@test.example.com,Jinasena_MasterData_Common.res_partner_test_1773897593658_att_emp_attendance_em,,,,,,,,,,single,,,0,,,,other,,,,,0,employee,,,,1,,0.0,15.0,0650d803-970a-4b37-a86b-07e834761eb9,,,0.0,0.0,0.0
hr_employee_test_1773897637806_att_edge_attendance_e,base.main_company,[TEST-1773897637806]-ATT-EDGE Attendance Edge Employee,1,0,,,0112 687 916,,test.1773897637806@test.example.com,Jinasena_MasterData_Common.res_partner_test_1773897637806_att_edge_attendance_e,,,,,,,,,,single,,,0,,,,other,,,,,0,employee,,,,1,,0.0,15.0,81c86161-2a50-41f4-9a91-26db909d5a31,,,0.0,0.0,0.0
hr_employee_test_1773897754003_att_edge_attendance_e,base.main_company,[TEST-1773897754003]-ATT-EDGE Attendance Edge Employee,1,0,Jinasena_MasterData_HR.hr_job_software_engineer,Software Engineer,0112 687 916,,test.1773897754003@test.example.com,Jinasena_MasterData_Common.res_partner_test_1773897754003_att_edge_attendance_e,,,,,,,,,,single,,,0,,,,other,,,,,0,employee,,,,1,,0.0,15.0,8c8a779a-497b-4e93-a4d9-5e80fa3c724a,,,0.0,0.0,0.0
hr_employee_test_1773898047201_att_emp_attendance_em,base.main_company,[TEST-1773898047201]-ATT-EMP Attendance Employee,1,0,,,0112 687 916,,test.1773898047201@test.example.com,Jinasena_MasterData_Common.res_partner_test_1773898047201_att_emp_attendance_em,,,,,,,,,,single,,,0,,,,other,,,,,0,employee,,,,1,,0.0,15.0,d98d13f7-50f4-441c-9add-70485e531ae4,,,0.0,0.0,0.0
hr_employee_test_1773898082234_att_emp_attendance_em,base.main_company,[TEST-1773898082234]-ATT-EMP Attendance Employee,1,0,Jinasena_MasterData_HR.hr_job_software_engineer,Software Engineer,0112 687 916,,test.1773898082234@test.example.com,Jinasena_MasterData_Common.res_partner_test_1773898082234_att_emp_attendance_em,,,,,,,,,,single,,,0,,,,other,,,,,0,employee,,,,1,,0.0,15.0,d7164fbe-ca89-4521-b4c2-15ce032d37c1,,,0.0,0.0,0.0
hr_employee_test_1773898125314_att_edge_attendance_e,base.main_company,[TEST-1773898125314]-ATT-EDGE Attendance Edge Employee,1,0,,,0112 687 916,,test.1773898125314@test.example.com,Jinasena_MasterData_Common.res_partner_test_1773898125314_att_edge_attendance_e,,,,,,,,,,single,,,0,,,,other,,,,,0,employee,,,,1,,0.0,15.0,8de11ca9-d8b0-43ac-87f5-b27863dcb5ef,,,0.0,0.0,0.0
hr_employee_test_1773898393033_att_emp_attendance_em,base.main_company,[TEST-1773898393033]-ATT-EMP Attendance Employee,1,0,,,0112 687 916,,test.1773898393033@test.example.com,Jinasena_MasterData_Common.res_partner_test_1773898393033_att_emp_attendance_em,,,,,,,,,,single,,,0,,,,other,,,,,0,employee,,,,1,,0.0,15.0,cd12094c-97ee-48c2-8d90-ca91dbe0e920,,,0.0,0.0,0.0
hr_employee_test_1773898428698_att_emp_attendance_em,base.main_company,[TEST-1773898428698]-ATT-EMP Attendance Employee,1,0,,,0112 687 916,,test.1773898428698@test.example.com,Jinasena_MasterData_Common.res_partner_test_1773898428698_att_emp_attendance_em,,,,,,,,,,single,,,0,,,,other,,,,,0,employee,,,,1,,0.0,15.0,23330984-7569-45d7-8659-0e331ada9538,,,0.0,0.0,0.0
hr_employee_test_1773898440088_att_edge_attendance_e,base.main_company,[TEST-1773898440088]-ATT-EDGE Attendance Edge Employee,1,0,,,0112 687 916,,test.1773898440088@test.example.com,Jinasena_MasterData_Common.res_partner_test_1773898440088_att_edge_attendance_e,,,,,,,,,,single,,,0,,,,other,,,,,0,employee,,,,1,,0.0,15.0,06336359-f3bc-4fc7-8499-b497e3df5ed3,,,0.0,0.0,0.0
hr_employee_test_1773898644594_att_emp_attendance_em,base.main_company,[TEST-1773898644594]-ATT-EMP Attendance Employee,1,0,,,0112 687 916,,test.1773898644594@test.example.com,Jinasena_MasterData_Common.res_partner_test_1773898644594_att_emp_attendance_em,,,,,,,,,,single,,,0,,,,other,,,,,0,employee,,,,1,,0.0,15.0,d1b4cf7b-5e2d-4b5e-95d1-b5b715ace041,,,0.0,0.0,0.0
hr_employee_test_1773898681038_att_emp_attendance_em,base.main_company,[TEST-1773898681038]-ATT-EMP Attendance Employee,1,0,,,0112 687 916,,test.1773898681038@test.example.com,Jinasena_MasterData_Common.res_partner_test_1773898681038_att_emp_attendance_em,,,,,,,,,,single,,,0,,,,other,,,,,0,employee,,,,1,,0.0,15.0,1718c453-0781-4555-bf60-cb53a3e6aea4,,,0.0,0.0,0.0
hr_employee_test_1773898694493_att_edge_attendance_e,base.main_company,[TEST-1773898694493]-ATT-EDGE Attendance Edge Employee,1,0,,,0112 687 916,,test.1773898694493@test.example.com,Jinasena_MasterData_Common.res_partner_test_1773898694493_att_edge_attendance_e,,,,,,,,,,single,,,0,,,,other,,,,,0,employee,,,,1,,0.0,15.0,c9e283b7-54eb-4d74-9447-cd481e88c8f5,,,0.0,0.0,0.0
hr_employee_test_1773899025276_att_emp_attendance_em,base.main_company,[TEST-1773899025276]-ATT-EMP Attendance Employee,1,0,,,0112 687 916,,test.1773899025276@test.example.com,Jinasena_MasterData_Common.res_partner_test_1773899025276_att_emp_attendance_em,,,,,,,,,,single,,,0,,,,other,,,,,0,employee,,,,1,,0.0,15.0,f65e8be9-6f61-40d2-af5d-21590f7f954a,,,0.0,0.0,0.0
hr_employee_test_1773899049950_att_emp_attendance_em,base.main_company,[TEST-1773899049950]-ATT-EMP Attendance Employee,1,0,,,0112 687 916,,test.1773899049950@test.example.com,Jinasena_MasterData_Common.res_partner_test_1773899049950_att_emp_attendance_em,,,,,,,,,,single,,,0,,,,other,,,,,0,employee,,,,1,,0.0,15.0,fa90a392-c455-423c-a244-3275bf65e84d,,,0.0,0.0,0.0
hr_employee_test_1773899104403_att_emp_attendance_em,base.main_company,[TEST-1773899104403]-ATT-EMP Attendance Employee,1,0,,,0112 687 916,,test.1773899104403@test.example.com,Jinasena_MasterData_Common.res_partner_test_1773899104403_att_emp_attendance_em,,,,,,,,,,single,,,0,,,,other,,,,,0,employee,,,,1,,0.0,15.0,8965d133-cf8f-4e56-9633-22709ce7fe76,,,0.0,0.0,0.0
hr_employee_test_1773899147104_att_edge_attendance_e,base.main_company,[TEST-1773899147104]-ATT-EDGE Attendance Edge Employee,1,0,,,0112 687 916,,test.1773899147104@test.example.com,Jinasena_MasterData_Common.res_partner_test_1773899147104_att_edge_attendance_e,,,,,,,,,,single,,,0,,,,other,,,,,0,employee,,,,1,,0.0,15.0,94ab4444-00c0-4d39-8c27-733f67f0cb6f,,,0.0,0.0,0.0
hr_employee_test_1774338706801_apr_emp_appraisal_tes,base.main_company,[TEST-1774338706801]-APR-EMP Appraisal Test Employee,1,0,Jinasena_MasterData_HR.hr_job_software_engineer,Software Engineer,0112 687 916,,test.1774338706801@test.example.com,Jinasena_MasterData_Common.res_partner_test_1774338706801_apr_emp_appraisal_tes,,,,,,,,,,single,,,0,,,,other,,,,,0,employee,,,,1,,0.0,0.0,48f245dd-5a6b-4ece-8cfa-125e1b59ed41,,,0.0,0.0,0.0
hr_employee_test_1774338716872_att_emp_attendance_em,base.main_company,[TEST-1774338716872]-ATT-EMP Attendance Employee,1,0,Jinasena_MasterData_HR.hr_job_software_engineer,Software Engineer,0112 687 916,,test.1774338716872@test.example.com,Jinasena_MasterData_Common.res_partner_test_1774338716872_att_emp_attendance_em,,,,,,,,,,single,,,0,,,,other,,,,,0,employee,,,,1,,0.0,7.5,c73669de-620c-4964-a2a5-58b14f9f5716,,,0.0,0.0,0.0
hr_employee_test_1774338742036_att_edge_attendance_e,base.main_company,[TEST-1774338742036]-ATT-EDGE Attendance Edge Employee,1,0,,,0112 687 916,,test.1774338742036@test.example.com,Jinasena_MasterData_Common.res_partner_test_1774338742036_att_edge_attendance_e,,,,,,,,,,single,,,0,,,,other,,,,,0,employee,,,,1,,0.0,7.5,ea7a6315-8735-46d8-be04-adadf796e196,,,0.0,0.0,0.0
hr_employee_test_1774338895551_contract_emp_contract,base.main_company,[TEST-1774338895551]-CONTRACT-EMP Contract Test Employee,1,0,,,0112 687 916,,test.1774338895551@test.example.com,Jinasena_MasterData_Common.res_partner_test_1774338895551_contract_emp_contract,,,,,,,,,,single,,,0,,,,other,,,,,0,employee,,,,1,,0.0,0.0,2f46b6c4-16a9-404a-a6ee-4798fd2906a9,,,0.0,0.0,0.0
hr_employee_test_1774338933326_contract_emp_contract,base.main_company,[TEST-1774338933326]-CONTRACT-EMP Contract Test Employee,1,0,Jinasena_MasterData_HR.hr_job_software_engineer,Software Engineer,0112 687 916,,test.1774338933326@test.example.com,Jinasena_MasterData_Common.res_partner_test_1774338933326_contract_emp_contract,,,,,,,,,,single,,,0,,,,other,,,,,0,employee,,,,1,,0.0,0.0,09165a81-510e-4e7f-bd5f-817c8ed6dec5,,,0.0,0.0,0.0
hr_employee_test_1774338974471_contract_emp_contract,base.main_company,[TEST-1774338974471]-CONTRACT-EMP Contract Test Employee,1,0,,,0112 687 916,,test.1774338974471@test.example.com,Jinasena_MasterData_Common.res_partner_test_1774338974471_contract_emp_contract,,,,,,,,,,single,,,0,,,,other,,,,,0,employee,,,,1,,0.0,0.0,094fd206-273d-4dfe-8874-6a5ae2ffc717,,,0.0,0.0,0.0
hr_employee_kapila,base.main_company,kapila,1,0,,,0112 687 916,,,,,,,,,,,,,single,,,0,,,,other,,,,,0,employee,,,,1,,0.0,0.0,a232c25e-6f33-4495-a29e-8426eff330c2,,,0.0,0.0,0.0
